run_number,fill_number,duration,delivered_lumi,recorded_lumi,start_time,end_time,l1_triggers_counter,hlt_physics_counter,components,l1_hlt_mode_stripped,l1_key,hlt_key
325175,7334,700,1.78721875,1.64928125,2018-10-24 03:55:19,2018-10-24 04:06:59,12080346.0,68656.0,"[CSC, CTPPS, CTPPS_TOT, DAQ, DCS, DQM, DT, ECAL, ES, GEM, HCAL, PIXEL, RPC, SCAL, TCDS, TRACKER, TRG]",collisions2018/v228,l1_trg_collisions2018/v70,/cdaq/physics/Run2018/2e34/v3.6.1/HLT/V2
325172,7334,11136,72.9396875,68.9544375,2018-10-24 00:21:29,2018-10-24 03:27:05,692526283.0,7016350.0,"[CSC, CTPPS, CTPPS_TOT, DAQ, DCS, DQM, DT, ECAL, ES, GEM, HCAL, PIXEL, RPC, SCAL, TCDS, TRACKER, TRG]",collisions2018/v228,l1_trg_collisions2018/v70,/cdaq/physics/Run2018/2e34/v3.6.1/HLT/V2
325170,7334,28105,275.800921875,265.1640546875,2018-10-23 16:30:25,2018-10-24 00:18:50,2236336041.0,25553288.0,"[CSC, CTPPS, CTPPS_TOT, DAQ, DCS, DQM, DT, ECAL, ES, GEM, HCAL, PIXEL, RPC, SCAL, TCDS, TRACKER, TRG]",collisions2018/v227,l1_trg_collisions2018/v70,/cdaq/physics/Run2018/2e34/v3.6.1/HLT/V2
325169,7334,578,9.0970546875,5.5468515625,2018-10-23 16:18:28,2018-10-23 16:28:06,38606244.0,526624.0,"[CSC, CTPPS, CTPPS_TOT, DAQ, DCS, DQM, DT, ECAL, ES, GEM, HCAL, PIXEL, RPC, SCAL, TCDS, TRACKER, TRG]",collisions2018/v227,l1_trg_collisions2018/v70,/cdaq/physics/Run2018/2e34/v3.6.1/HLT/V2
325168,7334,454,7.6925546875,4.264390625,2018-10-23 16:08:41,2018-10-23 16:16:15,29746991.0,406509.0,"[CSC, CTPPS, CTPPS_TOT, DAQ, DCS, DQM, DT, ECAL, ES, GEM, HCAL, PIXEL, RPC, SCAL, TCDS, TRACKER, TRG]",collisions2018/v227,l1_trg_collisions2018/v70,/cdaq/physics/Run2018/2e34/v3.6.1/HLT/V2
325159,7334,6082,72.3057734375,62.41458203125,2018-10-23 14:19:04,2018-10-23 16:00:26,413486810.0,7359700.0,"[CSC, CTPPS, CTPPS_TOT, DAQ, DCS, DQM, DT, ECAL, ES, GEM, HCAL, PIXEL, RPC, SCAL, TCDS, TRACKER, TRG]",collisions2018/v227,l1_trg_collisions2018/v70,/cdaq/physics/Run2018/2e34/v3.6.1/HLT/V2
325117,7333,12704,92.91140625,87.42559375,2018-10-23 07:37:40,2018-10-23 11:09:24,894531870.0,8690547.0,"[CSC, CTPPS, CTPPS_TOT, DAQ, DCS, DQM, DT, ECAL, ES, HCAL, PIXEL, RPC, SCAL, TCDS, TRACKER, TRG]",collisions2018/v225,l1_trg_collisions2018/v70,/cdaq/physics/Run2018/2e34/v3.6.1/HLT/V2
325114,7333,212,6.5190625,1.34990625,2018-10-23 07:24:47,2018-10-23 07:28:19,6597290.0,785520.0,"[CSC, CTPPS, CTPPS_TOT, DAQ, DCS, DQM, DT, ECAL, ES, HCAL, PIXEL, RPC, SCAL, TCDS, TRACKER, TRG]",collisions2018_kalman_validation/v5,l1_trg_collisions2018_kalman_validation/v4,/cdaq/physics/Run2018/2e34/v3.6.1/HLT/V1
325113,7333,2830,27.0338125,21.83246875,2018-10-23 06:34:14,2018-10-23 07:21:24,103933500.0,12379477.0,"[CSC, CTPPS, CTPPS_TOT, DAQ, DCS, DQM, DT, ECAL, ES, HCAL, PIXEL, RPC, SCAL, TCDS, TRACKER, TRG]",collisions2018_kalman_validation/v5,l1_trg_collisions2018_kalman_validation/v4,/cdaq/physics/Run2018/2e34/v3.6.1/HLT/V1
325111,7333,455,7.89196875,3.812625,2018-10-23 05:55:45,2018-10-23 06:03:20,21736421.0,2520130.0,"[CSC, CTPPS, CTPPS_TOT, DAQ, DCS, DQM, DT, ECAL, ES, HCAL, PIXEL, RPC, SCAL, TCDS, TRACKER, TRG]",collisions2018_kalman_validation/v5,l1_trg_collisions2018_kalman_validation/v4,/cdaq/physics/Run2018/2e34/v3.6.1/HLT/V1
325110,7333,406,4.33078125,3.25115625,2018-10-23 05:47:52,2018-10-23 05:54:38,18339610.0,1967946.0,"[CSC, CTPPS, CTPPS_TOT, DAQ, DCS, DQM, DT, ECAL, ES, HCAL, PIXEL, RPC, SCAL, TCDS, TRACKER, TRG]",collisions2018_kalman_validation/v5,l1_trg_collisions2018_kalman_validation/v4,/cdaq/physics/Run2018/2e34/v3.6.1/HLT/V1
325101,7333,11280,126.1834375,119.164796875,2018-10-23 02:07:01,2018-10-23 05:15:01,895269497.0,11296748.0,"[CSC, CTPPS, CTPPS_TOT, DAQ, DCS, DQM, DT, ECAL, ES, HCAL, PIXEL, RPC, SCAL, TCDS, TRACKER, TRG]",collisions2018/v225,l1_trg_collisions2018/v70,/cdaq/physics/Run2018/2e34/v3.6.1/HLT/V2
325100,7333,5952,82.44821875,74.74584375,2018-10-23 00:23:42,2018-10-23 02:02:54,495467656.0,7016254.0,"[CSC, CTPPS, CTPPS_TOT, DAQ, DCS, DQM, DT, ECAL, ES, HCAL, PIXEL, RPC, SCAL, TCDS, TRACKER, TRG]",collisions2018/v225,l1_trg_collisions2018/v70,/cdaq/physics/Run2018/2e34/v3.6.1/HLT/V2
325099,7333,9099,148.6479375,139.54712109375,2018-10-22 21:49:49,2018-10-23 00:21:28,786971973.0,16082919.0,"[CSC, CTPPS, CTPPS_TOT, DAQ, DCS, DQM, DT, ECAL, ES, GEM, HCAL, PIXEL, RPC, SCAL, TCDS, TRACKER, TRG]",collisions2018/v225,l1_trg_collisions2018/v70,/cdaq/physics/Run2018/2e34/v3.6.1/HLT/V2
325098,7333,215,4.88075390625,1.95963671875,2018-10-22 21:45:12,2018-10-22 21:48:47,9669447.0,336636.0,"[CSC, CTPPS, CTPPS_TOT, DAQ, DCS, DQM, DT, ECAL, ES, GEM, HCAL, PIXEL, RPC, SCAL, TCDS, TRACKER, TRG]",collisions2018/v225,l1_trg_collisions2018/v70,/cdaq/physics/Run2018/2e34/v3.6.1/HLT/V2
325097,7333,2299,27.650654296875,18.793685546875,2018-10-22 21:03:27,2018-10-22 21:41:46,98321762.0,3188567.0,"[CSC, CTPPS, CTPPS_TOT, DAQ, DCS, DQM, DT, ECAL, ES, GEM, HCAL, PIXEL, RPC, SCAL, TCDS, TRACKER, TRG]",collisions2018/v225,l1_trg_collisions2018/v70,/cdaq/physics/Run2018/2e34/v3.6.1/HLT/V2
325057,7331,9183,128.3298515625,121.5667265625,2018-10-22 13:50:57,2018-10-22 16:24:00,678301495.0,15682596.0,"[CSC, CTPPS, CTPPS_TOT, DAQ, DCS, DQM, DT, ECAL, ES, GEM, HCAL, PIXEL, RPC, SCAL, TCDS, TRACKER, TRG]",collisions2018/v225,l1_trg_collisions2018/v70,/cdaq/physics/Run2018/2e34/v3.6.1/HLT/V2
325022,7328,37424,452.509125,437.2701875,2018-10-21 20:52:50,2018-10-22 07:16:34,2346413454.0,50809855.0,"[CSC, CTPPS, CTPPS_TOT, DAQ, DCS, DQM, DT, ECAL, ES, GEM, HCAL, PIXEL, RPC, SCAL, TCDS, TRACKER, TRG]",collisions2018/v225,l1_trg_collisions2018/v70,/cdaq/physics/Run2018/2e34/v3.6.1/HLT/V2
325001,7324,14078,125.9705625,121.399453125,2018-10-21 10:28:55,2018-10-21 14:23:33,1094244021.0,11859168.0,"[CSC, CTPPS, CTPPS_TOT, DAQ, DCS, DQM, DT, ECAL, ES, GEM, HCAL, PIXEL, RPC, SCAL, TCDS, TRACKER, TRG]",collisions2018/v225,l1_trg_collisions2018/v70,/cdaq/physics/Run2018/2e34/v3.6.1/HLT/V2
325000,7324,8689,99.47871875,95.16153125,2018-10-21 08:03:09,2018-10-21 10:27:58,688463294.0,9061724.0,"[CSC, CTPPS, CTPPS_TOT, DAQ, DCS, DQM, DT, ECAL, ES, GEM, HCAL, PIXEL, RPC, SCAL, TCDS, TRACKER, TRG]",collisions2018/v225,l1_trg_collisions2018/v70,/cdaq/physics/Run2018/2e34/v3.6.1/HLT/V2
324999,7324,938,12.823046875,3.85059375,2018-10-21 07:46:04,2018-10-21 08:01:42,26326494.0,367331.0,"[CSC, CTPPS, CTPPS_TOT, DAQ, DCS, DQM, DT, ECAL, ES, GEM, HCAL, PIXEL, RPC, SCAL, TCDS, TRACKER, TRG]",collisions2018/v225,l1_trg_collisions2018/v70,/cdaq/physics/Run2018/2e34/v3.6.1/HLT/V2
324998,7324,8476,124.0401875,114.58804296875,2018-10-21 05:22:15,2018-10-21 07:43:31,718425565.0,10883057.0,"[CSC, CTPPS, CTPPS_TOT, DAQ, DCS, DQM, DT, ECAL, ES, GEM, HCAL, PIXEL, RPC, SCAL, TCDS, TRACKER, TRG]",collisions2018/v225,l1_trg_collisions2018/v70,/cdaq/physics/Run2018/2e34/v3.6.1/HLT/V2
324997,7324,3374,49.37966015625,42.2145546875,2018-10-21 04:23:27,2018-10-21 05:19:41,197749391.0,5958069.0,"[CSC, CTPPS, CTPPS_TOT, DAQ, DCS, DQM, DT, ECAL, ES, GEM, HCAL, PIXEL, RPC, SCAL, TCDS, TRACKER, TRG]",collisions2018/v225,l1_trg_collisions2018/v70,/cdaq/physics/Run2018/2e34/v3.6.1/HLT/V2
324980,7321,54784,550.870625,528.0420625,2018-10-20 08:00:55,2018-10-20 23:13:59,4066709762.0,56423227.0,"[CSC, CTPPS, CTPPS_TOT, DAQ, DCS, DQM, DT, ECAL, ES, GEM, HCAL, PIXEL, RPC, SCAL, TCDS, TRACKER, TRG]",collisions2018/v225,l1_trg_collisions2018/v70,/cdaq/physics/Run2018/2e34/v3.6.1/HLT/V2
324970,7320,51404,505.4301796875,486.55355859375,2018-10-19 15:41:57,2018-10-20 05:58:41,3807109452.0,52134918.0,"[CSC, CTPPS, CTPPS_TOT, DAQ, DCS, DQM, DT, ECAL, ES, GEM, HCAL, PIXEL, RPC, SCAL, TCDS, TRACKER, TRG]",collisions2018/v225,l1_trg_collisions2018/v70,/cdaq/physics/Run2018/2e34/v3.6.1/HLT/V2
324897,7317,4096,54.52974609375,51.1428359375,2018-10-19 06:29:06,2018-10-19 07:37:22,274522616.0,8089018.0,"[CSC, CTPPS, CTPPS_TOT, DAQ, DCS, DQM, DT, ECAL, ES, GEM, HCAL, PIXEL, RPC, SCAL, TCDS, TRACKER, TRG]",collisions2018/v224,l1_trg_collisions2018/v69,/cdaq/physics/Run2018/2e34/v3.6.1/HLT/V2
324878,7315,42319,424.1850625,408.7214375,2018-10-18 15:42:30,2018-10-19 03:27:49,3304996564.0,42296316.0,"[CSC, CTPPS, CTPPS_TOT, DAQ, DCS, DQM, DT, ECAL, ES, GEM, HCAL, PIXEL, RPC, SCAL, TCDS, TRACKER, TRG]",collisions2018/v224,l1_trg_collisions2018/v69,/cdaq/physics/Run2018/2e34/v3.6.1/HLT/V2
324846,7314,12295,71.0321875,68.71925,2018-10-18 10:05:13,2018-10-18 13:30:08,712386024.0,7244663.0,"[CSC, CTPPS, CTPPS_TOT, DAQ, DCS, DQM, DT, ECAL, ES, HCAL, PIXEL, RPC, SCAL, TCDS, TRACKER, TRG]",collisions2018/v223,l1_trg_collisions2018/v69,/cdaq/physics/Run2018/2e34/v3.6.1/HLT/V2
324841,7314,31428,316.577328125,303.27921875,2018-10-18 01:17:51,2018-10-18 10:01:39,2450255806.0,28984101.0,"[CSC, CTPPS, CTPPS_TOT, DAQ, DCS, DQM, DT, ECAL, ES, HCAL, PIXEL, RPC, SCAL, TCDS, TRACKER, TRG]",collisions2018/v223,l1_trg_collisions2018/v69,/cdaq/physics/Run2018/2e34/v3.6.1/HLT/V2
324840,7314,2192,32.0210859375,27.845046875,2018-10-18 00:40:17,2018-10-18 01:16:49,179732509.0,2611498.0,"[CSC, CTPPS, CTPPS_TOT, DAQ, DCS, DQM, DT, ECAL, ES, GEM, HCAL, PIXEL, RPC, SCAL, TCDS, TRACKER, TRG]",collisions2018/v223,l1_trg_collisions2018/v69,/cdaq/physics/Run2018/2e34/v3.6.1/HLT/V2
324835,7314,8584,126.4001953125,111.8069765625,2018-10-17 22:14:24,2018-10-18 00:37:28,624790305.0,14418146.0,"[CSC, CTPPS, CTPPS_TOT, DAQ, DCS, DQM, DT, ECAL, ES, GEM, HCAL, PIXEL, RPC, SCAL, TCDS, TRACKER, TRG]",collisions2018/v223,l1_trg_collisions2018/v69,/cdaq/physics/Run2018/2e34/v3.6.1/HLT/V2
324791,7310,28645,255.609890625,247.387265625,2018-10-17 10:04:00,2018-10-17 18:01:25,2164072464.0,24029475.0,"[CSC, CTPPS, CTPPS_TOT, DAQ, DCS, DQM, DT, ECAL, ES, HCAL, PIXEL, RPC, SCAL, TCDS, TRACKER, TRG]",collisions2018/v222,l1_trg_collisions2018/v68,/cdaq/physics/Run2018/2e34/v3.6.1/HLT/V2
324785,7310,15397,196.644953125,187.237484375,2018-10-17 05:46:16,2018-10-17 10:02:53,1154082711.0,21272809.0,"[CSC, CTPPS, CTPPS_TOT, DAQ, DCS, DQM, DT, ECAL, ES, GEM, HCAL, PIXEL, RPC, SCAL, TCDS, TRACKER, TRG]",collisions2018/v222,l1_trg_collisions2018/v68,/cdaq/physics/Run2018/2e34/v3.6.1/HLT/V2
324772,7309,4466,20.0269375,19.51340625,2018-10-17 02:47:22,2018-10-17 04:01:48,202385993.0,2079100.0,"[CSC, CTPPS, CTPPS_TOT, DAQ, DCS, DQM, DT, ECAL, ES, GEM, HCAL, PIXEL, RPC, SCAL, TCDS, TRACKER, TRG]",collisions2018/v222,l1_trg_collisions2018/v68,/cdaq/physics/Run2018/2e34/v3.6.1/HLT/V2
324769,7309,7904,62.12234375,47.273125,2018-10-16 23:59:04,2018-10-17 02:10:48,487295338.0,4888403.0,"[CSC, CTPPS, CTPPS_TOT, DAQ, DCS, DQM, DT, ECAL, ES, GEM, HCAL, PIXEL, RPC, SCAL, TCDS, TRACKER, TRG]",collisions2018/v222,l1_trg_collisions2018/v68,/cdaq/physics/Run2018/2e34/v3.6.1/HLT/V2
324765,7309,11174,91.60284375,88.42346875,2018-10-16 20:52:10,2018-10-16 23:58:24,895506261.0,8829406.0,"[CSC, CTPPS, CTPPS_TOT, DAQ, DCS, DQM, DT, ECAL, ES, GEM, HCAL, PIXEL, RPC, SCAL, TCDS, TRACKER, TRG]",collisions2018/v222,l1_trg_collisions2018/v68,/cdaq/physics/Run2018/2e34/v3.6.1/HLT/V2
324764,7309,3448,32.72615625,30.303875,2018-10-16 19:53:59,2018-10-16 20:51:27,250889488.0,2946728.0,"[CSC, CTPPS, CTPPS_TOT, DAQ, DCS, DQM, DT, ECAL, ES, GEM, HCAL, PIXEL, RPC, SCAL, TCDS, TRACKER, TRG]",collisions2018/v222,l1_trg_collisions2018/v68,/cdaq/physics/Run2018/2e34/v3.6.1/HLT/V2
324747,7309,26485,326.41775,310.441375,2018-10-16 12:31:42,2018-10-16 19:53:07,2078879259.0,34887265.0,"[CSC, CTPPS, CTPPS_TOT, DAQ, DCS, DQM, DT, ECAL, ES, GEM, HCAL, PIXEL, RPC, SCAL, TCDS, TRACKER, TRG]",collisions2018/v222,l1_trg_collisions2018/v68,/cdaq/physics/Run2018/2e34/v3.6.1/HLT/V2
324729,7308,4924,16.6861171875,15.9713046875,2018-10-16 09:27:04,2018-10-16 10:49:08,248852749.0,2012273.0,"[CSC, CTPPS, CTPPS_TOT, DAQ, DCS, DQM, DT, ECAL, ES, GEM, HCAL, PIXEL, RPC, SCAL, TCDS, TRACKER, TRG]",collisions2018/v222,l1_trg_collisions2018/v68,/cdaq/physics/Run2018/2e34/v3.6.1/HLT/V2
324571,7300,12575,0.013170145303,0.012989507934,2018-10-14 07:46:48,2018-10-14 11:16:23,196867360.0,19367338.0,"[CSC, CTPPS, DAQ, DCS, DQM, DT, ECAL, ES, GEM, HCAL, PIXEL, RPC, SCAL, TCDS, TRACKER, TRG]",collisions2018/v221,l1_trg_collisions2018/v68,/cdaq/physics/Run2018/2e34/v3.6.1/HLT/V2
324564,7299,19744,0.016438955307,0.016255422592,2018-10-14 00:45:32,2018-10-14 06:14:36,296789680.0,29159397.0,"[CSC, CTPPS, DAQ, DCS, DQM, DT, ECAL, ES, GEM, HCAL, PIXEL, RPC, SCAL, TCDS, TRACKER, TRG]",collisions2018/v221,l1_trg_collisions2018/v68,/cdaq/physics/Run2018/2e34/v3.6.1/HLT/V2
324420,7274,14834,212.97944921875,202.4651953125,2018-10-11 00:24:08,2018-10-11 04:31:22,1270418525.0,19238717.0,"[CSC, CTPPS, CTPPS_TOT, DAQ, DCS, DQM, DT, ECAL, ES, GEM, HCAL, PIXEL, RPC, SCAL, TCDS, TRACKER, TRG]",collisions2018/v220,l1_trg_collisions2018/v68,/cdaq/physics/Run2018/2e34/v3.6.1/HLT/V2
324318,7271,7950,106.5291796875,101.288375,2018-10-09 17:52:51,2018-10-09 20:05:21,674438870.0,9504949.0,"[CSC, CTPPS, CTPPS_TOT, DAQ, DCS, DQM, DT, ECAL, ES, HCAL, PIXEL, RPC, SCAL, TCDS, TRACKER, TRG]",collisions2018/v219,l1_trg_collisions2018/v68,/cdaq/physics/Run2018/2e34/v3.6.1/HLT/V2
324315,7271,4799,79.491635742188,70.69190057373,2018-10-09 16:25:30,2018-10-09 17:45:29,389194611.0,8369918.0,"[CSC, CTPPS, CTPPS_TOT, DAQ, DCS, DQM, DT, ECAL, ES, GEM, HCAL, PIXEL, RPC, SCAL, TCDS, TRACKER, TRG]",collisions2018/v219,l1_trg_collisions2018/v68,/cdaq/physics/Run2018/2e34/v3.6.1/HLT/V2
324293,7270,54839,537.42075,519.02646875,2018-10-08 22:52:28,2018-10-09 14:06:27,3991254126.0,54141708.0,"[CSC, CTPPS, CTPPS_TOT, DAQ, DCS, DQM, DT, ECAL, ES, GEM, HCAL, PIXEL, RPC, SCAL, TCDS, TRACKER, TRG]",collisions2018/v219,l1_trg_collisions2018/v68,/cdaq/physics/Run2018/2e34/v3.6.1/HLT/V2
324245,7266,39438,438.05,420.91959375,2018-10-08 01:21:44,2018-10-08 12:19:02,3116878332.0,42606481.0,"[CSC, CTPPS, CTPPS_TOT, DAQ, DCS, DQM, DT, ECAL, ES, GEM, HCAL, PIXEL, RPC, SCAL, TCDS, TRACKER, TRG]",collisions2018/v219,l1_trg_collisions2018/v68,/cdaq/physics/Run2018/2e34/v3.6.1/HLT/V2
324237,7265,5695,80.10446875,75.995046875,2018-10-07 21:16:44,2018-10-07 22:51:39,403196784.0,11717162.0,"[CSC, CTPPS, CTPPS_TOT, DAQ, DCS, DQM, DT, ECAL, ES, GEM, HCAL, PIXEL, RPC, SCAL, TCDS, TRACKER, TRG]",collisions2018/v219,l1_trg_collisions2018/v68,/cdaq/physics/Run2018/2e34/v3.6.1/HLT/V2
324209,7264,13103,18.361375,17.6846875,2018-10-07 13:01:29,2018-10-07 16:39:52,376196393.0,3145891.0,"[CSC, CTPPS, CTPPS_TOT, DAQ, DCS, DQM, DT, ECAL, ES, GEM, HCAL, PIXEL, RPC, SCAL, TCDS, TRACKER, TRG]",collisions2018/v218,l1_trg_collisions2018/v68,/cdaq/physics/Run2018/2e34/v3.6.1/HLT/V2
324207,7264,805,5.7595,4.0886875,2018-10-07 12:43:36,2018-10-07 12:57:01,41565458.0,440848.0,"[CSC, CTPPS, CTPPS_TOT, DAQ, DCS, DQM, DT, ECAL, ES, HCAL, PIXEL, RPC, SCAL, TCDS, TRACKER, TRG]",collisions2018/v218,l1_trg_collisions2018/v68,/cdaq/physics/Run2018/2e34/v3.6.1/HLT/V2
324206,7264,3329,23.11990625,17.7334375,2018-10-07 11:37:10,2018-10-07 12:32:39,179350913.0,1867073.0,"[CSC, CTPPS, CTPPS_TOT, DAQ, DCS, DQM, DT, ECAL, ES, GEM, HCAL, PIXEL, RPC, SCAL, TCDS, TRACKER, TRG]",collisions2018/v218,l1_trg_collisions2018/v68,/cdaq/physics/Run2018/2e34/v3.6.1/HLT/V2
324205,7264,3757,25.69171875,23.24109375,2018-10-07 10:30:16,2018-10-07 11:32:53,234433994.0,2356288.0,"[CSC, CTPPS, CTPPS_TOT, DAQ, DCS, DQM, DT, ECAL, ES, GEM, HCAL, PIXEL, RPC, SCAL, TCDS, TRACKER, TRG]",collisions2018/v218,l1_trg_collisions2018/v68,/cdaq/physics/Run2018/2e34/v3.6.1/HLT/V2
324202,7264,5571,44.3596875,39.6725625,2018-10-07 08:48:05,2018-10-07 10:20:56,192083985.0,22735551.0,"[CSC, CTPPS, CTPPS_TOT, DAQ, DCS, DQM, DT, ECAL, ES, GEM, HCAL, PIXEL, RPC, SCAL, TCDS, TRACKER, TRG]",collisions2018_kalman_validation/v3,l1_trg_collisions2018_kalman_validation/v2,/cdaq/physics/Run2018/2e34/v3.6.1/HLT/V1
324201,7264,32112,383.55484375,366.75846875,2018-10-06 23:49:58,2018-10-07 08:45:10,2585292286.0,37558609.0,"[CSC, CTPPS, CTPPS_TOT, DAQ, DCS, DQM, DT, ECAL, ES, GEM, HCAL, PIXEL, RPC, SCAL, TCDS, TRACKER, TRG]",collisions2018/v217,l1_trg_collisions2018/v68,/cdaq/physics/Run2018/2e34/v3.6.1/HLT/V2
324077,7259,17818,290.93775,245.015953125,2018-10-04 21:59:31,2018-10-05 02:56:29,1370072613.0,28039046.0,"[CSC, CTPPS, CTPPS_TOT, DAQ, DCS, DQM, DT, ECAL, ES, GEM, HCAL, PIXEL, RPC, SCAL, TCDS, TRACKER, TRG]",collisions2018/v215,l1_trg_collisions2018/v67,/cdaq/physics/Run2018/2e34/v3.6.0/HLT/V4
324022,7256,14182,136.6294375,131.74846875,2018-10-04 06:49:31,2018-10-04 10:45:53,1073136855.0,12409346.0,"[CSC, CTPPS, CTPPS_TOT, DAQ, DCS, DQM, DT, ECAL, ES, HCAL, PIXEL, RPC, SCAL, TCDS, TRACKER, TRG]",collisions2018/v215,l1_trg_collisions2018/v67,/cdaq/physics/Run2018/2e34/v3.6.0/HLT/V4
324021,7256,19026,271.7761875,254.736015625,2018-10-04 01:31:12,2018-10-04 06:48:18,1464086461.0,28844952.0,"[CSC, CTPPS, CTPPS_TOT, DAQ, DCS, DQM, DT, ECAL, ES, GEM, HCAL, PIXEL, RPC, SCAL, TCDS, TRACKER, TRG]",collisions2018/v215,l1_trg_collisions2018/v67,/cdaq/physics/Run2018/2e34/v3.6.0/HLT/V4
323997,7253,12240,135.605859375,129.8070625,2018-10-03 17:29:51,2018-10-03 20:53:51,933681098.0,12111064.0,"[CSC, CTPPS, CTPPS_TOT, DAQ, DCS, DQM, DT, ECAL, ES, GEM, HCAL, PIXEL, RPC, SCAL, TCDS, TRACKER, TRG]",collisions2018/v215,l1_trg_collisions2018/v67,/cdaq/physics/Run2018/2e34/v3.6.0/HLT/V4
323983,7253,4398,65.703796875,57.1113125,2018-10-03 16:11:03,2018-10-03 17:24:21,369767784.0,5278977.0,"[CSC, CTPPS, CTPPS_TOT, DAQ, DCS, DQM, DT, ECAL, ES, HCAL, PIXEL, RPC, SCAL, TCDS, TRACKER, TRG]",collisions2018/v215,l1_trg_collisions2018/v67,/cdaq/physics/Run2018/2e34/v3.6.0/HLT/V4
323980,7253,4669,75.70479296875,68.05945703125,2018-10-03 14:50:48,2018-10-03 16:08:37,387021117.0,6426891.0,"[CSC, CTPPS, CTPPS_TOT, DAQ, DCS, DQM, DT, ECAL, ES, GEM, HCAL, PIXEL, RPC, SCAL, TCDS, TRACKER, TRG]",collisions2018/v215,l1_trg_collisions2018/v67,/cdaq/physics/Run2018/2e34/v3.6.0/HLT/V4
323978,7253,1612,29.189072265625,21.997243164063,2018-10-03 14:22:12,2018-10-03 14:49:04,102760871.0,3183801.0,"[CSC, CTPPS, CTPPS_TOT, DAQ, DCS, DQM, DT, ECAL, ES, GEM, HCAL, PIXEL, RPC, SCAL, TCDS, TRACKER, TRG]",collisions2018/v215,l1_trg_collisions2018/v67,/cdaq/physics/Run2018/2e34/v3.6.0/HLT/V4
323976,7253,1833,21.2693984375,15.397432617188,2018-10-03 13:49:02,2018-10-03 14:19:35,94204041.0,2764149.0,"[CSC, CTPPS, CTPPS_TOT, DAQ, DCS, DQM, DT, ECAL, ES, GEM, HCAL, PIXEL, RPC, SCAL, TCDS, TRACKER, TRG]",collisions2018/v215,l1_trg_collisions2018/v67,/cdaq/physics/Run2018/2e34/v3.6.0/HLT/V4
323954,7252,2229,15.92715625,15.38546875,2018-10-03 11:05:35,2018-10-03 11:42:44,155079906.0,1506061.0,"[CSC, CTPPS, CTPPS_TOT, DAQ, DCS, DQM, DT, ECAL, ES, HCAL, PIXEL, RPC, SCAL, TCDS, TRACKER, TRG]",collisions2018/v215,l1_trg_collisions2018/v67,/cdaq/physics/Run2018/2e34/v3.6.0/HLT/V4
323940,7252,36562,456.0086875,432.95703125,2018-10-03 00:53:23,2018-10-03 11:02:45,2901560008.0,46092511.0,"[CSC, CTPPS, CTPPS_TOT, DAQ, DCS, DQM, DT, ECAL, ES, GEM, HCAL, PIXEL, RPC, SCAL, TCDS, TRACKER, TRG]",collisions2018/v215,l1_trg_collisions2018/v67,/cdaq/physics/Run2018/2e34/v3.6.0/HLT/V4
323857,7245,8629,101.330328125,97.40390625,2018-10-02 02:34:45,2018-10-02 04:58:34,632607987.0,8711942.0,"[CSC, CTPPS, CTPPS_TOT, DAQ, DCS, DQM, DT, ECAL, ES, GEM, HCAL, PIXEL, RPC, SCAL, TCDS, TRACKER, TRG]",collisions2018/v215,l1_trg_collisions2018/v67,/cdaq/physics/Run2018/2e34/v3.6.0/HLT/V4
323841,7245,11907,167.172171875,156.809984375,2018-10-01 23:13:47,2018-10-02 02:32:14,895046397.0,15871960.0,"[CSC, CTPPS, CTPPS_TOT, DAQ, DCS, DQM, DT, ECAL, ES, GEM, HCAL, PIXEL, RPC, SCAL, TCDS, TRACKER, TRG]",collisions2018/v215,l1_trg_collisions2018/v67,/cdaq/physics/Run2018/2e34/v3.6.0/HLT/V4
323794,7242,1762,17.05378125,16.35853125,2018-10-01 13:28:33,2018-10-01 13:57:55,128949900.0,1495449.0,"[CSC, CTPPS, CTPPS_TOT, DAQ, DCS, DQM, DT, ECAL, ES, GEM, HCAL, PIXEL, RPC, SCAL, TCDS, TRACKER, TRG]",collisions2018/v215,l1_trg_collisions2018/v67,/cdaq/physics/Run2018/2e34/v3.6.0/HLT/V4
323790,7242,22037,296.3324375,279.77175,2018-10-01 07:17:11,2018-10-01 13:24:28,1699000516.0,27509801.0,"[CSC, CTPPS, CTPPS_TOT, DAQ, DCS, DQM, DT, ECAL, ES, GEM, HCAL, PIXEL, RPC, SCAL, TCDS, TRACKER, TRG]",collisions2018/v215,l1_trg_collisions2018/v67,/cdaq/physics/Run2018/2e34/v3.6.0/HLT/V4
323778,7240,22337,285.16016015625,273.10364453125,2018-09-30 20:40:37,2018-10-01 02:52:54,1743653928.0,24668401.0,"[CSC, CTPPS, CTPPS_TOT, DAQ, DCS, DQM, DT, ECAL, ES, GEM, HCAL, PIXEL, RPC, SCAL, TCDS, TRACKER, TRG]",collisions2018/v215,l1_trg_collisions2018/v67,/cdaq/physics/Run2018/2e34/v3.6.0/HLT/V4
323775,7240,3944,51.95534765625,48.482421875,2018-09-30 19:34:12,2018-09-30 20:39:56,237603929.0,7001711.0,"[CSC, CTPPS, CTPPS_TOT, DAQ, DCS, DQM, DT, ECAL, ES, GEM, HCAL, PIXEL, RPC, SCAL, TCDS, TRACKER, TRG]",collisions2018/v215,l1_trg_collisions2018/v67,/cdaq/physics/Run2018/2e34/v3.6.0/HLT/V4
323755,7239,22677,313.95278125,302.0424375,2018-09-30 11:06:49,2018-09-30 17:24:46,1745555295.0,32038836.0,"[CSC, CTPPS, CTPPS_TOT, DAQ, DCS, DQM, DT, ECAL, ES, GEM, HCAL, PIXEL, RPC, SCAL, TCDS, TRACKER, TRG]",collisions2018/v215,l1_trg_collisions2018/v67,/cdaq/physics/Run2018/2e34/v3.6.0/HLT/V4
323727,7236,23516,262.023109375,252.795703125,2018-09-29 21:12:17,2018-09-30 03:44:13,1786429307.0,23489313.0,"[CSC, CTPPS, CTPPS_TOT, DAQ, DCS, DQM, DT, ECAL, ES, GEM, HCAL, PIXEL, RPC, SCAL, TCDS, TRACKER, TRG]",collisions2018/v215,l1_trg_collisions2018/v67,/cdaq/physics/Run2018/2e34/v3.6.0/HLT/V4
323726,7236,1276,20.6402421875,14.645359375,2018-09-29 20:49:02,2018-09-29 21:10:18,83054371.0,1323574.0,"[CSC, CTPPS, CTPPS_TOT, DAQ, DCS, DQM, DT, ECAL, ES, GEM, HCAL, PIXEL, RPC, SCAL, TCDS, TRACKER, TRG]",collisions2018/v215,l1_trg_collisions2018/v67,/cdaq/physics/Run2018/2e34/v3.6.0/HLT/V4
323725,7236,8091,129.987796875,119.978671875,2018-09-29 18:31:15,2018-09-29 20:46:06,625692101.0,14205241.0,"[CSC, CTPPS, CTPPS_TOT, DAQ, DCS, DQM, DT, ECAL, ES, GEM, HCAL, PIXEL, RPC, SCAL, TCDS, TRACKER, TRG]",collisions2018-hltmenu-validation/v43,l1_trg_collisions2018/v67,/cdaq/physics/Run2018/2e34/v3.6.0/HLT/V4
323702,7234,19067,152.83625,148.3279375,2018-09-29 08:55:38,2018-09-29 14:13:25,1359972733.0,14100379.0,"[CSC, CTPPS, CTPPS_TOT, DAQ, DCS, DQM, DT, ECAL, ES, GEM, HCAL, PIXEL, RPC, SCAL, TCDS, TRACKER, TRG]",collisions2018/v214,l1_trg_collisions2018/v67,/cdaq/physics/Run2018/2e34/v3.5/HLT/V2
323696,7234,6279,98.4656953125,89.6380234375,2018-09-29 02:32:06,2018-09-29 04:16:45,493925588.0,8250293.0,"[CSC, CTPPS, CTPPS_TOT, DAQ, DCS, DQM, DT, ECAL, ES, GEM, HCAL, PIXEL, RPC, SCAL, TCDS, TRACKER, TRG]",collisions2018/v214,l1_trg_collisions2018/v67,/cdaq/physics/Run2018/2e34/v3.5/HLT/V2
323693,7234,3563,45.2258984375,41.1158671875,2018-09-29 01:32:03,2018-09-29 02:31:26,228676327.0,4031301.0,"[CSC, CTPPS, CTPPS_TOT, DAQ, DCS, DQM, DT, ECAL, ES, GEM, HCAL, PIXEL, RPC, SCAL, TCDS, TRACKER, TRG]",collisions2018/v214,l1_trg_collisions2018/v67,/cdaq/physics/Run2018/2e34/v3.5/HLT/V2
323526,7221,11757,69.483375,67.5705625,2018-09-26 09:21:57,2018-09-26 12:37:54,680002356.0,6808787.0,"[CSC, CTPPS, CTPPS_TOT, DAQ, DCS, DQM, DT, ECAL, ES, GEM, HCAL, PIXEL, RPC, SCAL, TCDS, TRACKER, TRG]",collisions2018/v211,l1_trg_collisions2018/v66,/cdaq/physics/Run2018/2e34/v3.5/HLT/V2
323525,7221,26195,255.764,245.988953125,2018-09-26 02:04:39,2018-09-26 09:21:14,1959693431.0,23060537.0,"[CSC, CTPPS, CTPPS_TOT, DAQ, DCS, DQM, DT, ECAL, ES, GEM, HCAL, PIXEL, RPC, SCAL, TCDS, TRACKER, TRG]",collisions2018/v211,l1_trg_collisions2018/v66,/cdaq/physics/Run2018/2e34/v3.5/HLT/V2
323524,7221,12973,191.478043945313,182.114043212891,2018-09-25 22:25:59,2018-09-26 02:02:12,1043971600.0,16303935.0,"[CSC, CTPPS, CTPPS_TOT, DAQ, DCS, DQM, DT, ECAL, ES, GEM, HCAL, PIXEL, RPC, SCAL, TCDS, TRACKER, TRG]",collisions2018/v211,l1_trg_collisions2018/v66,/cdaq/physics/Run2018/2e34/v3.5/HLT/V2
323495,7218,4721,35.47875,34.067625,2018-09-25 12:53:42,2018-09-25 14:12:23,344118443.0,3388312.0,"[CSC, CTPPS, CTPPS_TOT, DAQ, DCS, DQM, DT, ECAL, ES, HCAL, PIXEL, RPC, SCAL, TCDS, TRACKER, TRG]",collisions2018/v210,l1_trg_collisions2018/v66,/cdaq/physics/Run2018/2e34/v3.5/HLT/V2
323493,7218,3316,29.1681875,27.61953125,2018-09-25 11:57:39,2018-09-25 12:52:55,279097299.0,2771291.0,"[CSC, CTPPS, CTPPS_TOT, DAQ, DCS, DQM, DT, ECAL, ES, HCAL, PIXEL, RPC, SCAL, TCDS, TRACKER, TRG]",collisions2018/v210,l1_trg_collisions2018/v66,/cdaq/physics/Run2018/2e34/v3.5/HLT/V2
323492,7218,722,6.96578125,5.84259375,2018-09-25 11:44:58,2018-09-25 11:57:00,59450680.0,586135.0,"[CSC, CTPPS, CTPPS_TOT, DAQ, DCS, DQM, DT, ECAL, ES, HCAL, PIXEL, RPC, SCAL, TCDS, TRACKER, TRG]",collisions2018/v210,l1_trg_collisions2018/v66,/cdaq/physics/Run2018/2e34/v3.5/HLT/V2
323488,7218,18420,208.7265,197.621328125,2018-09-25 06:29:10,2018-09-25 11:36:10,1412035560.0,19170839.0,"[CSC, CTPPS, CTPPS_TOT, DAQ, DCS, DQM, DT, ECAL, ES, GEM, HCAL, PIXEL, RPC, SCAL, TCDS, TRACKER, TRG]",collisions2018/v210,l1_trg_collisions2018/v66,/cdaq/physics/Run2018/2e34/v3.5/HLT/V2
323487,7218,11645,168.502875,158.002453125,2018-09-25 03:11:37,2018-09-25 06:25:42,934944675.0,15580519.0,"[CSC, CTPPS, CTPPS_TOT, DAQ, DCS, DQM, DT, ECAL, ES, GEM, HCAL, PIXEL, RPC, SCAL, TCDS, TRACKER, TRG]",collisions2018/v210,l1_trg_collisions2018/v66,/cdaq/physics/Run2018/2e34/v3.5/HLT/V2
323475,7217,2044,16.19215625,15.353625,2018-09-24 21:59:36,2018-09-24 22:33:40,156200946.0,1517448.0,"[CSC, CTPPS, CTPPS_TOT, DAQ, DCS, DQM, DT, ECAL, ES, GEM, HCAL, PIXEL, RPC, SCAL, TCDS, TRACKER, TRG]",collisions2018/v210,l1_trg_collisions2018/v66,/cdaq/physics/Run2018/2e34/v3.5/HLT/V2
323474,7217,8253,81.8041875,78.56534375,2018-09-24 19:41:17,2018-09-24 21:58:50,647383995.0,7793792.0,"[CSC, CTPPS, CTPPS_TOT, DAQ, DCS, DQM, DT, ECAL, ES, GEM, HCAL, PIXEL, RPC, SCAL, TCDS, TRACKER, TRG]",collisions2018/v210,l1_trg_collisions2018/v66,/cdaq/physics/Run2018/2e34/v3.5/HLT/V2
323473,7217,5249,86.552375,54.976890625,2018-09-24 17:39:55,2018-09-24 19:07:24,373869363.0,5353961.0,"[CSC, CTPPS, CTPPS_TOT, DAQ, DCS, DQM, DT, ECAL, ES, GEM, HCAL, PIXEL, RPC, SCAL, TCDS, TRACKER, TRG]",collisions2018/v210,l1_trg_collisions2018/v66,/cdaq/physics/Run2018/2e34/v3.5/HLT/V2
323472,7217,2642,40.20128125,19.4030625,2018-09-24 16:49:54,2018-09-24 17:33:56,127851696.0,1898642.0,"[CSC, CTPPS, CTPPS_TOT, DAQ, DCS, DQM, DT, ECAL, ES, GEM, HCAL, PIXEL, RPC, SCAL, TCDS, TRACKER, TRG]",collisions2018/v210,l1_trg_collisions2018/v66,/cdaq/physics/Run2018/2e34/v3.5/HLT/V2
323471,7217,5439,82.4050703125,75.6334453125,2018-09-24 15:17:26,2018-09-24 16:48:05,466332882.0,7466245.0,"[CSC, CTPPS, CTPPS_TOT, DAQ, DCS, DQM, DT, ECAL, ES, GEM, HCAL, PIXEL, RPC, SCAL, TCDS, TRACKER, TRG]",collisions2018/v209,l1_trg_collisions2018/v66,/cdaq/physics/Run2018/2e34/v3.5/HLT/V2
323470,7217,6200,90.2380546875,84.1843125,2018-09-24 13:32:45,2018-09-24 15:16:05,486419399.0,8700232.0,"[CSC, CTPPS, CTPPS_TOT, DAQ, DCS, DQM, DT, ECAL, ES, GEM, HCAL, PIXEL, RPC, SCAL, TCDS, TRACKER, TRG]",collisions2018/v209,l1_trg_collisions2018/v66,/cdaq/physics/Run2018/2e34/v3.5/HLT/V2
323423,7213,3372,37.405171875,22.3407578125,2018-09-24 05:00:48,2018-09-24 05:57:00,155237210.0,2296418.0,"[CSC, CTPPS, CTPPS_TOT, DAQ, DCS, DQM, DT, ECAL, ES, HCAL, PIXEL, RPC, SCAL, TCDS, TRACKER, TRG]",collisions2018/v206,l1_trg_collisions2018/v64,/cdaq/physics/Run2018/2e34/v3.5/HLT/V2
323422,7213,70,6.3951953125,0.05808203125,2018-09-24 04:46:48,2018-09-24 04:47:58,513623.0,6574.0,"[CSC, CTPPS, CTPPS_TOT, DAQ, DCS, DQM, DT, ECAL, ES, GEM, HCAL, PIXEL, RPC, SCAL, TCDS, TRACKER, TRG]",collisions2018/v206,l1_trg_collisions2018/v64,/cdaq/physics/Run2018/2e34/v3.5/HLT/V2
323421,7213,905,6.917,2.73253515625,2018-09-24 04:31:06,2018-09-24 04:46:11,19245501.0,240133.0,"[CSC, CTPPS, CTPPS_TOT, DAQ, DCS, DQM, DT, ECAL, ES, GEM, HCAL, PIXEL, RPC, SCAL, TCDS, TRACKER, TRG]",collisions2018/v206,l1_trg_collisions2018/v64,/cdaq/physics/Run2018/2e34/v3.5/HLT/V2
323420,7213,813,6.8466015625,2.80160546875,2018-09-24 04:16:46,2018-09-24 04:30:19,19807963.0,245852.0,"[CSC, CTPPS, CTPPS_TOT, DAQ, DCS, DQM, DT, ECAL, ES, GEM, HCAL, PIXEL, RPC, SCAL, TCDS, TRACKER, TRG]",collisions2018/v206,l1_trg_collisions2018/v64,/cdaq/physics/Run2018/2e34/v3.5/HLT/V2
323419,7213,1951,17.4912421875,10.28430859375,2018-09-24 03:40:44,2018-09-24 04:13:15,72533868.0,850659.0,"[CSC, CTPPS, CTPPS_TOT, DAQ, DCS, DQM, DT, ECAL, ES, GEM, HCAL, PIXEL, RPC, SCAL, TCDS, TRACKER, TRG]",collisions2018/v206,l1_trg_collisions2018/v64,/cdaq/physics/Run2018/2e34/v3.5/HLT/V2
323418,7213,1375,13.178703125,9.025103515625,2018-09-24 03:14:21,2018-09-24 03:37:16,64049772.0,725423.0,"[CSC, CTPPS, CTPPS_TOT, DAQ, DCS, DQM, DT, ECAL, ES, GEM, HCAL, PIXEL, RPC, SCAL, TCDS, TRACKER, TRG]",collisions2018/v206,l1_trg_collisions2018/v64,/cdaq/physics/Run2018/2e34/v3.5/HLT/V2
323417,7213,949,9.69541015625,5.966974609375,2018-09-24 02:55:10,2018-09-24 03:10:59,42638449.0,483165.0,"[CSC, CTPPS, CTPPS_TOT, DAQ, DCS, DQM, DT, ECAL, ES, GEM, HCAL, PIXEL, RPC, SCAL, TCDS, TRACKER, TRG]",collisions2018/v206,l1_trg_collisions2018/v64,/cdaq/physics/Run2018/2e34/v3.5/HLT/V2
323416,7213,1765,19.36855859375,14.150701171875,2018-09-24 02:18:39,2018-09-24 02:48:04,113214958.0,1137857.0,"[CSC, CTPPS, CTPPS_TOT, DAQ, DCS, DQM, DT, ECAL, ES, GEM, HCAL, PIXEL, RPC, SCAL, TCDS, TRACKER, TRG]",collisions2018/v206,l1_trg_collisions2018/v64,/cdaq/physics/Run2018/2e34/v3.5/HLT/V2
323414,7213,969,9.462047607422,6.560622592926,2018-09-24 01:50:12,2018-09-24 02:06:21,60648893.0,747277.0,"[CSC, CTPPS, CTPPS_TOT, DAQ, DCS, DQM, DT, ECAL, ES, GEM, HCAL, PIXEL, RPC, SCAL, TCDS, TRACKER, TRG]",collisions2018/v206,l1_trg_collisions2018/v64,/cdaq/physics/Run2018/2e34/v3.5/HLT/V2
323413,7213,746,2.060035644531,0.0,2018-09-24 01:36:03,2018-09-24 01:48:29,1572911.0,45121.0,"[CSC, CTPPS, CTPPS_TOT, DAQ, DCS, DQM, DT, ECAL, ES, GEM, HCAL, PIXEL, RPC, SCAL, TCDS, TRACKER, TRG]",collisions2018/v206,l1_trg_collisions2018/v64,/cdaq/physics/Run2018/2e34/v3.5/HLT/V2
322633,7145,5989,54.16103125,52.16065625,2018-09-10 10:50:23,2018-09-10 12:30:12,436265802.0,4867118.0,"[CSC, CTPPS, CTPPS_TOT, DAQ, DCS, DQM, DT, ECAL, ES, GEM, HCAL, PIXEL, RPC, SCAL, TCDS, TRACKER, TRG]",collisions2018/v200,l1_trg_collisions2018/v57,/cdaq/physics/Run2018/2e34/v3.5/HLT/V2
322625,7145,27227,355.75534375,342.059,2018-09-10 03:15:52,2018-09-10 10:49:39,2054390281.0,31492668.0,"[CSC, CTPPS, CTPPS_TOT, DAQ, DCS, DQM, DT, ECAL, ES, GEM, HCAL, PIXEL, RPC, SCAL, TCDS, TRACKER, TRG]",collisions2018/v200,l1_trg_collisions2018/v57,/cdaq/physics/Run2018/2e34/v3.5/HLT/V2
322617,7144,14355,143.65396875,138.54371875,2018-09-09 21:11:50,2018-09-10 01:11:05,1028758855.0,12864427.0,"[CSC, CTPPS, CTPPS_TOT, DAQ, DCS, DQM, DT, ECAL, ES, GEM, HCAL, PIXEL, RPC, SCAL, TCDS, TRACKER, TRG]",collisions2018/v200,l1_trg_collisions2018/v57,/cdaq/physics/Run2018/2e34/v3.5/HLT/V2
322616,7144,1541,22.99903125,18.0311875,2018-09-09 20:40:35,2018-09-09 21:06:16,59778533.0,706058.0,"[CSC, CTPPS, CTPPS_TOT, DAQ, DCS, DQM, DT, ECAL, ES, GEM, HCAL, PIXEL, RPC, SCAL, TCDS, TRACKER, TRG]",collisions2018/v200,l1_trg_collisions2018/v57,/cdaq/physics/Run2018/2e34/v3.5/HLT/V2
322605,7144,6566,124.5884375,90.484328125,2018-09-09 18:12:34,2018-09-09 20:02:00,530143815.0,8262293.0,"[CSC, CTPPS, CTPPS_TOT, DAQ, DCS, DQM, DT, ECAL, ES, GEM, HCAL, PIXEL, RPC, SCAL, TCDS, TRACKER, TRG]",collisions2018/v200,l1_trg_collisions2018/v57,/cdaq/physics/Run2018/2e34/v3.5/HLT/V2
322603,7144,273,4.77871875,2.7209375,2018-09-09 18:07:20,2018-09-09 18:11:53,14613464.0,247398.0,"[CSC, CTPPS, CTPPS_TOT, DAQ, DCS, DQM, DT, ECAL, ES, GEM, HCAL, PIXEL, RPC, SCAL, TCDS, TRACKER, TRG]",collisions2018/v200,l1_trg_collisions2018/v57,/cdaq/physics/Run2018/2e34/v3.5/HLT/V2
322602,7144,1659,27.152296875,24.28225,2018-09-09 17:39:00,2018-09-09 18:06:39,131658019.0,2233014.0,"[CSC, CTPPS, CTPPS_TOT, DAQ, DCS, DQM, DT, ECAL, ES, GEM, HCAL, PIXEL, RPC, SCAL, TCDS, TRACKER, TRG]",collisions2018/v200,l1_trg_collisions2018/v57,/cdaq/physics/Run2018/2e34/v3.5/HLT/V2
322599,7144,6887,105.7477421875,96.0919921875,2018-09-09 15:41:45,2018-09-09 17:36:32,490578640.0,9125297.0,"[CSC, CTPPS, CTPPS_TOT, DAQ, DCS, DQM, DT, ECAL, ES, GEM, HCAL, PIXEL, RPC, SCAL, TCDS, TRACKER, TRG]",collisions2018/v200,l1_trg_collisions2018/v57,/cdaq/physics/Run2018/2e34/v3.5/HLT/V2
322510,7142,1261,3.541766357422,3.104977050781,2018-09-09 08:17:54,2018-09-09 08:38:55,24359765.0,375449.0,"[CSC, CTPPS, CTPPS_TOT, DAQ, DCS, DQM, DT, ECAL, ES, GEM, HCAL, PIXEL, RPC, SCAL, TCDS, TRACKER, TRG]",collisions2018/v200,l1_trg_collisions2018/v57,/cdaq/physics/Run2018/2e34/v3.5/HLT/V2
322492,7139,32962,304.946125,294.1041953125,2018-09-08 20:55:17,2018-09-09 06:04:39,2413212370.0,27621748.0,"[CSC, CTPPS, CTPPS_TOT, DAQ, DCS, DQM, DT, ECAL, ES, GEM, HCAL, PIXEL, RPC, SCAL, TCDS, TRACKER, TRG]",collisions2018/v200,l1_trg_collisions2018/v57,/cdaq/physics/Run2018/2e34/v3.5/HLT/V2
322487,7139,1040,27.757421875,0.0,2018-09-08 20:19:21,2018-09-08 20:36:41,5114.0,67.0,"[CSC, CTPPS, CTPPS_TOT, DAQ, DCS, DQM, DT, ECAL, ES, GEM, HCAL, PIXEL, RPC, SCAL, TCDS, TRACKER, TRG]",collisions2018/v200,l1_trg_collisions2018/v57,/cdaq/physics/Run2018/2e34/v3.5/HLT/V2
322485,7139,280,7.86534375,0.0,2018-09-08 20:09:12,2018-09-08 20:13:52,888.0,8.0,"[CSC, CTPPS, CTPPS_TOT, DAQ, DCS, DQM, DT, ECAL, ES, GEM, HCAL, PIXEL, RPC, SCAL, TCDS, TRACKER, TRG]",collisions2018/v200,l1_trg_collisions2018/v57,/cdaq/physics/Run2018/2e34/v3.5/HLT/V2
322484,7139,636,10.5514609375,0.0,2018-09-08 19:56:25,2018-09-08 20:07:01,437.0,5.0,"[CSC, CTPPS, CTPPS_TOT, DAQ, DCS, DQM, DT, ECAL, ES, GEM, HCAL, PIXEL, RPC, SCAL, TCDS, TRACKER, TRG]",collisions2018/v200,l1_trg_collisions2018/v57,/cdaq/physics/Run2018/2e34/v3.5/HLT/V2
322483,7139,96,3.2365078125,0.0,2018-09-08 19:52:18,2018-09-08 19:53:54,1981.0,28.0,"[CSC, CTPPS, CTPPS_TOT, DAQ, DCS, DQM, DT, ECAL, ES, GEM, HCAL, PIXEL, RPC, SCAL, TCDS, TRACKER, TRG]",collisions2018/v200,l1_trg_collisions2018/v57,/cdaq/physics/Run2018/2e34/v3.5/HLT/V2
322480,7139,9345,126.0707578125,111.0699609375,2018-09-08 17:09:32,2018-09-08 19:45:17,630816167.0,10382704.0,"[CSC, CTPPS, CTPPS_TOT, DAQ, DCS, DQM, DT, ECAL, ES, GEM, HCAL, PIXEL, RPC, SCAL, TCDS, TRACKER, TRG]",collisions2018/v200,l1_trg_collisions2018/v57,/cdaq/physics/Run2018/2e34/v3.5/HLT/V2
322431,7137,29692,242.890375,234.242875,2018-09-08 06:11:27,2018-09-08 14:26:19,2108866704.0,22638869.0,"[CSC, CTPPS, CTPPS_TOT, DAQ, DCS, DQM, DT, ECAL, ES, HCAL, PIXEL, RPC, SCAL, TCDS, TRACKER, TRG]",collisions2018/v200,l1_trg_collisions2018/v57,/cdaq/physics/Run2018/2e34/v3.5/HLT/V2
322430,7137,18308,252.20315625,238.4171875,2018-09-08 01:01:04,2018-09-08 06:06:12,1370137819.0,22104489.0,"[CSC, CTPPS, CTPPS_TOT, DAQ, DCS, DQM, DT, ECAL, ES, GEM, HCAL, PIXEL, RPC, SCAL, TCDS, TRACKER, TRG]",collisions2018/v200,l1_trg_collisions2018/v57,/cdaq/physics/Run2018/2e34/v3.5/HLT/V2
322407,7135,13827,183.8235625,174.322453125,2018-09-07 17:29:10,2018-09-07 21:19:37,1014866826.0,16032438.0,"[CSC, CTPPS, CTPPS_TOT, DAQ, DCS, DQM, DT, ECAL, ES, GEM, HCAL, PIXEL, RPC, SCAL, TCDS, TRACKER, TRG]",collisions2018/v200,l1_trg_collisions2018/v57,/cdaq/physics/Run2018/2e34/v3.5/HLT/V2
322381,7133,14012,189.02134375,181.365640625,2018-09-07 10:52:40,2018-09-07 14:46:12,1012801414.0,16806356.0,"[CSC, CTPPS, CTPPS_TOT, DAQ, DCS, DQM, DT, ECAL, ES, GEM, HCAL, PIXEL, RPC, SCAL, TCDS, TRACKER, TRG]",collisions2018-hltmenu-validation/v41,l1_trg_collisions2018/v56,/cdaq/physics/Run2018/2e34/v3.5/HLT/V2
322356,7132,18307,244.40324609375,236.19899609375,2018-09-07 01:44:34,2018-09-07 06:49:41,1408802260.0,21638256.0,"[CSC, CTPPS, CTPPS_TOT, DAQ, DCS, DQM, DT, ECAL, ES, GEM, HCAL, PIXEL, RPC, SCAL, TCDS, TRACKER, TRG]",collisions2018/v198,l1_trg_collisions2018/v56,/cdaq/physics/Run2018/2e34/v3.4.2/HLT/V1
322355,7132,3151,38.10460546875,34.90558203125,2018-09-07 00:51:22,2018-09-07 01:43:53,172973409.0,3280930.0,"[CSC, CTPPS, CTPPS_TOT, DAQ, DCS, DQM, DT, ECAL, ES, GEM, HCAL, PIXEL, RPC, SCAL, TCDS, TRACKER, TRG]",collisions2018/v198,l1_trg_collisions2018/v56,/cdaq/physics/Run2018/2e34/v3.4.2/HLT/V1
322348,7131,35206,436.33909375,419.9999375,2018-09-06 13:27:47,2018-09-06 23:14:33,2696038783.0,38989214.0,"[CSC, CTPPS, CTPPS_TOT, DAQ, DCS, DQM, DT, ECAL, ES, GEM, HCAL, PIXEL, RPC, SCAL, TCDS, TRACKER, TRG]",collisions2018/v198,l1_trg_collisions2018/v56,/cdaq/physics/Run2018/2e34/v3.4.2/HLT/V1
322332,7128,25228,331.70178125,318.62996875,2018-09-06 01:57:10,2018-09-06 08:57:38,1860889109.0,29383116.0,"[CSC, CTPPS, CTPPS_TOT, DAQ, DCS, DQM, DT, ECAL, ES, GEM, HCAL, PIXEL, RPC, SCAL, TCDS, TRACKER, TRG]",collisions2018/v198,l1_trg_collisions2018/v56,/cdaq/physics/Run2018/2e34/v3.4.2/HLT/V1
322324,7127,9983,73.72996875,71.29734375,2018-09-05 21:27:03,2018-09-06 00:13:26,695435761.0,6906031.0,"[CSC, CTPPS, CTPPS_TOT, DAQ, DCS, DQM, DT, ECAL, ES, GEM, HCAL, PIXEL, RPC, SCAL, TCDS, TRACKER, TRG]",collisions2018/v198,l1_trg_collisions2018/v56,/cdaq/physics/Run2018/2e34/v3.4.2/HLT/V1
322322,7127,28089,341.9636171875,327.8543671875,2018-09-05 13:28:35,2018-09-05 21:16:44,2145711537.0,30151438.0,"[CSC, CTPPS, CTPPS_TOT, DAQ, DCS, DQM, DT, ECAL, ES, GEM, HCAL, PIXEL, RPC, SCAL, TCDS, TRACKER, TRG]",collisions2018/v198,l1_trg_collisions2018/v56,/cdaq/physics/Run2018/2e34/v3.4.2/HLT/V1
322319,7127,3792,65.629884765625,56.103021484375,2018-09-05 12:24:44,2018-09-05 13:27:56,278293191.0,5160455.0,"[CSC, CTPPS, CTPPS_TOT, DAQ, DCS, DQM, DT, ECAL, ES, GEM, HCAL, PIXEL, RPC, SCAL, TCDS, TRACKER, TRG]",collisions2018/v198,l1_trg_collisions2018/v56,/cdaq/physics/Run2018/2e34/v3.4.2/HLT/V1
322317,7127,2388,24.08508984375,20.329646484375,2018-09-05 11:42:47,2018-09-05 12:22:35,115150003.0,2052671.0,"[CSC, CTPPS, CTPPS_TOT, DAQ, DCS, DQM, DT, ECAL, ES, GEM, HCAL, PIXEL, RPC, SCAL, TCDS, TRACKER, TRG]",collisions2018/v198,l1_trg_collisions2018/v56,/cdaq/physics/Run2018/2e34/v3.4.2/HLT/V1
322252,7125,37342,445.8016875,426.5836875,2018-09-04 20:12:41,2018-09-05 06:35:03,2763153395.0,40333593.0,"[CSC, CTPPS, CTPPS_TOT, DAQ, DCS, DQM, DT, ECAL, ES, GEM, HCAL, PIXEL, RPC, SCAL, TCDS, TRACKER, TRG]",collisions2018/v198,l1_trg_collisions2018/v56,/cdaq/physics/Run2018/2e34/v3.4.2/HLT/V1
322222,7124,12465,98.6704375,94.79403125,2018-09-04 14:53:04,2018-09-04 18:20:49,936718915.0,9127701.0,"[CSC, CTPPS, CTPPS_TOT, DAQ, DCS, DQM, DT, ECAL, ES, GEM, HCAL, PIXEL, RPC, SCAL, TCDS, TRACKER, TRG]",collisions2018/v197,l1_trg_collisions2018/v55,/cdaq/physics/Run2018/2e34/v3.4.2/HLT/V1
322204,7124,26694,334.380546875,317.1492578125,2018-09-04 07:24:02,2018-09-04 14:48:56,2009064500.0,29044473.0,"[CSC, CTPPS, CTPPS_TOT, DAQ, DCS, DQM, DT, ECAL, ES, GEM, HCAL, PIXEL, RPC, SCAL, TCDS, TRACKER, TRG]",collisions2018/v197,l1_trg_collisions2018/v55,/cdaq/physics/Run2018/2e34/v3.4.2/HLT/V1
322201,7124,6079,95.3706015625,86.085921875,2018-09-04 05:40:10,2018-09-04 07:21:29,409721875.0,8069401.0,"[CSC, CTPPS, CTPPS_TOT, DAQ, DCS, DQM, DT, ECAL, ES, GEM, HCAL, PIXEL, RPC, SCAL, TCDS, TRACKER, TRG]",collisions2018/v197,l1_trg_collisions2018/v55,/cdaq/physics/Run2018/2e34/v3.4.2/HLT/V1
322179,7123,41783,496.620375,477.4455625,2018-09-03 16:22:50,2018-09-04 03:59:13,3059896534.0,44229302.0,"[CSC, CTPPS, CTPPS_TOT, DAQ, DCS, DQM, DT, ECAL, ES, HCAL, PIXEL, RPC, SCAL, TCDS, TRACKER, TRG]",collisions2018/v197,l1_trg_collisions2018/v55,/cdaq/physics/Run2018/2e34/v3.4.2/HLT/V1
322118,7122,20567,285.78869921875,274.8165546875,2018-09-03 07:19:50,2018-09-03 13:02:37,1561933305.0,25205706.0,"[CSC, CTPPS, CTPPS_TOT, DAQ, DCS, DQM, DT, ECAL, ES, HCAL, PIXEL, RPC, SCAL, TCDS, TRACKER, TRG]",collisions2018/v196,l1_trg_collisions2018/v54,/cdaq/physics/Run2018/2e34/v3.4.2/HLT/V1
322113,7122,3651,46.0402109375,41.87096484375,2018-09-03 06:18:15,2018-09-03 07:19:06,212638495.0,4085952.0,"[CSC, CTPPS, CTPPS_TOT, DAQ, DCS, DQM, DT, ECAL, ES, HCAL, PIXEL, RPC, SCAL, TCDS, TRACKER, TRG]",collisions2018/v196,l1_trg_collisions2018/v54,/cdaq/physics/Run2018/2e34/v3.4.2/HLT/V1
322106,7120,20475,298.11734375,286.4298125,2018-09-02 21:21:43,2018-09-03 03:02:58,1536432267.0,26546967.0,"[CSC, CTPPS, CTPPS_TOT, DAQ, DCS, DQM, DT, ECAL, ES, HCAL, PIXEL, RPC, SCAL, TCDS, TRACKER, TRG]",collisions2018/v196,l1_trg_collisions2018/v54,/cdaq/physics/Run2018/2e34/v3.4.2/HLT/V1
322088,7118,14114,183.457078125,176.75521875,2018-09-02 14:12:18,2018-09-02 18:07:32,1056043064.0,15874839.0,"[CSC, CTPPS, CTPPS_TOT, DAQ, DCS, DQM, DT, ECAL, HCAL, PIXEL, RPC, SCAL, TCDS, TRACKER, TRG]",collisions2018/v196,l1_trg_collisions2018/v54,/cdaq/physics/Run2018/2e34/v3.4.2/HLT/V1
322079,7118,10679,177.7339375,154.50371875,2018-09-02 11:08:55,2018-09-02 14:06:54,762623734.0,14560373.0,"[CSC, CTPPS, CTPPS_TOT, DAQ, DCS, DQM, DT, ECAL, ES, HCAL, PIXEL, RPC, SCAL, TCDS, TRACKER, TRG]",collisions2018/v196,l1_trg_collisions2018/v54,/cdaq/physics/Run2018/2e34/v3.4.2/HLT/V1
322068,7117,17078,248.291078125,236.79775,2018-09-02 02:20:47,2018-09-02 07:05:25,1266024262.0,22184459.0,"[CSC, CTPPS, CTPPS_TOT, DAQ, DCS, DQM, DT, ECAL, ES, HCAL, PIXEL, RPC, SCAL, TCDS, TRACKER, TRG]",collisions2018/v196,l1_trg_collisions2018/v54,/cdaq/physics/Run2018/2e34/v3.4.2/HLT/V1
322057,7114,2269,10.679002929688,9.72046484375,2018-09-01 20:13:27,2018-09-01 20:51:16,62269090.0,1068331.0,"[CSC, CTPPS, CTPPS_TOT, DAQ, DCS, DQM, DT, ECAL, ES, HCAL, PIXEL, RPC, SCAL, TCDS, TRACKER, TRG]",collisions2018-hltmenu-validation/v38,l1_trg_collisions2018/v54,/cdaq/physics/Run2018/2e34/v3.4.2/HLT/V1
322040,7112,1892,16.119985351563,14.993866210938,2018-09-01 10:56:06,2018-09-01 11:27:38,88555819.0,1540613.0,"[CSC, CTPPS, CTPPS_TOT, DAQ, DCS, DQM, DT, ECAL, ES, HCAL, PIXEL, RPC, SCAL, TCDS, TRACKER, TRG]",collisions2018/v195,l1_trg_collisions2018/v54,/cdaq/physics/Run2018/2e34/v3.4.1/HLT/V1
322022,7110,42371,484.76134375,466.6375,2018-08-31 20:46:17,2018-09-01 08:32:28,3138207020.0,43598702.0,"[CSC, CTPPS, CTPPS_TOT, DAQ, DCS, DQM, DT, ECAL, ES, GEM, HCAL, PIXEL, RPC, SCAL, TCDS, TRACKER, TRG]",collisions2018/v195,l1_trg_collisions2018/v54,/cdaq/physics/Run2018/2e34/v3.4.1/HLT/V1
322014,7109,705,7.398512207031,6.978802978516,2018-08-31 18:51:13,2018-08-31 19:02:58,33427469.0,666976.0,"[CSC, CTPPS, CTPPS_TOT, DAQ, DCS, DQM, DT, ECAL, ES, HCAL, PIXEL, RPC, SCAL, TCDS, TRACKER, TRG]",collisions2018/v195,l1_trg_collisions2018/v54,/cdaq/physics/Run2018/2e34/v3.4.1/HLT/V1
322013,7109,554,6.580334472656,2.109713623047,2018-08-31 18:38:41,2018-08-31 18:47:55,22294977.0,246920.0,"[CSC, CTPPS, CTPPS_TOT, DAQ, DCS, DQM, DT, ECAL, ES, HCAL, PIXEL, RPC, SCAL, TCDS, TRACKER, TRG]",collisions2018/v195,l1_trg_collisions2018/v54,/cdaq/physics/Run2018/2e34/v3.4.1/HLT/V1
321990,7108,11219,85.6575625,83.06365625,2018-08-31 13:15:45,2018-08-31 16:22:44,803995481.0,8095488.0,"[CSC, CTPPS, CTPPS_TOT, DAQ, DCS, DQM, DT, ECAL, ES, GEM, HCAL, PIXEL, RPC, SCAL, TCDS, TRACKER, TRG]",collisions2018/v195,l1_trg_collisions2018/v54,/cdaq/physics/Run2018/2e34/v3.4.1/HLT/V1
321988,7108,34581,434.37746875,416.4264375,2018-08-31 03:38:37,2018-08-31 13:14:58,2584609938.0,38899019.0,"[CSC, CTPPS, CTPPS_TOT, DAQ, DCS, DQM, DT, ECAL, ES, GEM, HCAL, PIXEL, RPC, SCAL, TCDS, TRACKER, TRG]",collisions2018/v195,l1_trg_collisions2018/v54,/cdaq/physics/Run2018/2e34/v3.4.1/HLT/V1
321975,7105,20408,154.24178125,148.95196875,2018-08-30 17:36:36,2018-08-30 23:16:44,1401388485.0,14424550.0,"[CSC, CTPPS, CTPPS_TOT, DAQ, DCS, DQM, DT, ECAL, ES, GEM, HCAL, PIXEL, RPC, SCAL, TCDS, TRACKER, TRG]",collisions2018/v195,l1_trg_collisions2018/v54,/cdaq/physics/Run2018/2e34/v3.4.1/HLT/V1
321973,7105,29129,381.5279375,365.0360625,2018-08-30 09:29:39,2018-08-30 17:35:08,2162134423.0,33666434.0,"[CSC, CTPPS, CTPPS_TOT, DAQ, DCS, DQM, DT, ECAL, ES, GEM, HCAL, PIXEL, RPC, SCAL, TCDS, TRACKER, TRG]",collisions2018/v195,l1_trg_collisions2018/v54,/cdaq/physics/Run2018/2e34/v3.4.1/HLT/V1
321961,7101,8779,139.994275390625,133.767924804688,2018-08-29 21:42:04,2018-08-30 00:08:23,655975382.0,12338348.0,"[CSC, CTPPS, CTPPS_TOT, DAQ, DCS, DQM, DT, ECAL, ES, GEM, HCAL, PIXEL, RPC, SCAL, TCDS, TRACKER, TRG]",collisions2018/v195,l1_trg_collisions2018/v54,/cdaq/physics/Run2018/2e34/v3.4.1/HLT/V1
321960,7101,976,16.578564453125,8.231034179688,2018-08-29 21:19:28,2018-08-29 21:35:44,55443700.0,868741.0,"[CSC, CTPPS, CTPPS_TOT, DAQ, DCS, DQM, DT, ECAL, ES, GEM, HCAL, PIXEL, RPC, SCAL, TCDS, TRACKER, TRG]",collisions2018/v195,l1_trg_collisions2018/v54,/cdaq/physics/Run2018/2e34/v3.4.1/HLT/V1
321933,7099,7938,108.1067421875,103.72684375,2018-08-29 13:52:07,2018-08-29 16:04:25,535405474.0,9683482.0,"[CSC, CTPPS, CTPPS_TOT, DAQ, DCS, DQM, DT, ECAL, ES, HCAL, PIXEL, RPC, SCAL, TCDS, TRACKER, TRG]",collisions2018/v194,l1_trg_collisions2018/v54,/cdaq/physics/Run2018/2e34/v3.4.1/HLT/V1
321919,7098,397,1.83209375,1.67678125,2018-08-29 10:38:06,2018-08-29 10:44:43,10858932.0,161179.0,"[CSC, CTPPS, CTPPS_TOT, DAQ, DCS, DQM, DT, ECAL, ES, HCAL, PIXEL, RPC, SCAL, TCDS, TRACKER, TRG]",collisions2018/v194,l1_trg_collisions2018/v54,/cdaq/physics/Run2018/2e34/v3.4.1/HLT/V1
321917,7098,18868,280.32528125,268.251,2018-08-29 05:22:32,2018-08-29 10:37:00,1462790011.0,24686268.0,"[CSC, CTPPS, CTPPS_TOT, DAQ, DCS, DQM, DT, ECAL, ES, GEM, HCAL, PIXEL, RPC, SCAL, TCDS, TRACKER, TRG]",collisions2018/v194,l1_trg_collisions2018/v54,/cdaq/physics/Run2018/2e34/v3.4.1/HLT/V1
321909,7097,38774,357.9415625,346.53728125,2018-08-28 16:30:36,2018-08-29 03:16:50,2675014413.0,31952313.0,"[CSC, CTPPS, CTPPS_TOT, DAQ, DCS, DQM, DT, ECAL, ES, GEM, HCAL, PIXEL, RPC, SCAL, TCDS, TRACKER, TRG]",collisions2018/v194,l1_trg_collisions2018/v54,/cdaq/physics/Run2018/2e34/v3.4.1/HLT/V1
321908,7097,10930,163.52184375,148.058578125,2018-08-28 13:23:08,2018-08-28 16:25:18,765567799.0,13443546.0,"[CSC, CTPPS, CTPPS_TOT, DAQ, DCS, DQM, DT, ECAL, ES, GEM, HCAL, PIXEL, RPC, SCAL, TCDS, TRACKER, TRG]",collisions2018/v194,l1_trg_collisions2018/v54,/cdaq/physics/Run2018/2e34/v3.4.1/HLT/V1
321887,7095,22285,292.77428125,281.5935,2018-08-28 00:42:45,2018-08-28 06:54:10,1566007812.0,25338275.0,"[CSC, CTPPS, CTPPS_TOT, DAQ, DCS, DQM, DT, ECAL, ES, GEM, HCAL, PIXEL, RPC, SCAL, TCDS, TRACKER, TRG]",collisions2018/v194,l1_trg_collisions2018/v54,/cdaq/physics/Run2018/2e34/v3.4.1/HLT/V1
321880,7092,3364,43.9558359375,42.2852734375,2018-08-27 19:59:50,2018-08-27 20:55:54,245004993.0,3781963.0,"[CSC, CTPPS, CTPPS_TOT, DAQ, DCS, DQM, DT, ECAL, ES, GEM, HCAL, PIXEL, RPC, SCAL, TCDS, TRACKER, TRG]",collisions2018/v194,l1_trg_collisions2018/v54,/cdaq/physics/Run2018/2e34/v3.4.1/HLT/V1
321879,7092,8132,118.77603125,108.3978671875,2018-08-27 17:42:02,2018-08-27 19:57:34,576788583.0,9906288.0,"[CSC, CTPPS, CTPPS_TOT, DAQ, DCS, DQM, DT, ECAL, ES, GEM, HCAL, PIXEL, RPC, SCAL, TCDS, TRACKER, TRG]",collisions2018/v194,l1_trg_collisions2018/v54,/cdaq/physics/Run2018/2e34/v3.4.1/HLT/V1
321834,7091,8009,53.46453125,51.4485625,2018-08-27 11:04:45,2018-08-27 13:18:14,490572741.0,4953970.0,"[CSC, CTPPS, CTPPS_TOT, DAQ, DCS, DQM, DT, ECAL, ES, GEM, HCAL, PIXEL, RPC, SCAL, TCDS, TRACKER, TRG]",collisions2018/v192,l1_trg_collisions2018/v53,/cdaq/physics/Run2018/2e34/v3.4.1/HLT/V1
321833,7091,9306,79.8276875,75.4914375,2018-08-27 08:26:07,2018-08-27 11:01:13,717093158.0,7112563.0,"[CSC, CTPPS, CTPPS_TOT, DAQ, DCS, DQM, DT, ECAL, ES, GEM, HCAL, PIXEL, RPC, SCAL, TCDS, TRACKER, TRG]",collisions2018/v192,l1_trg_collisions2018/v53,/cdaq/physics/Run2018/2e34/v3.4.1/HLT/V1
321832,7091,11866,127.0359375,118.302125,2018-08-27 05:05:23,2018-08-27 08:23:09,842145126.0,10773207.0,"[CSC, CTPPS, CTPPS_TOT, DAQ, DCS, DQM, DT, ECAL, ES, GEM, HCAL, PIXEL, RPC, SCAL, TCDS, TRACKER, TRG]",collisions2018/v192,l1_trg_collisions2018/v53,/cdaq/physics/Run2018/2e34/v3.4.1/HLT/V1
321831,7091,18117,266.25975,252.21109375,2018-08-27 00:00:19,2018-08-27 05:02:16,1367082652.0,22751126.0,"[CSC, CTPPS, CTPPS_TOT, DAQ, DCS, DQM, DT, ECAL, ES, GEM, HCAL, PIXEL, RPC, SCAL, TCDS, TRACKER, TRG]",collisions2018/v192,l1_trg_collisions2018/v53,/cdaq/physics/Run2018/2e34/v3.4.1/HLT/V1
321820,7090,5221,34.3814375,33.303125,2018-08-26 20:25:19,2018-08-26 21:52:20,318602409.0,3200698.0,"[CSC, CTPPS, CTPPS_TOT, DAQ, DCS, DQM, DT, ECAL, ES, GEM, HCAL, PIXEL, RPC, SCAL, TCDS, TRACKER, TRG]",collisions2018/v192,l1_trg_collisions2018/v53,/cdaq/physics/Run2018/2e34/v3.4.1/HLT/V1
321819,7090,118,1.912875,3.125E-05,2018-08-26 20:20:41,2018-08-26 20:22:39,299.0,4.0,"[CSC, CTPPS, CTPPS_TOT, DAQ, DCS, DQM, DT, ECAL, ES, GEM, HCAL, PIXEL, RPC, SCAL, TCDS, TRACKER, TRG]",collisions2018/v192,l1_trg_collisions2018/v53,/cdaq/physics/Run2018/2e34/v3.4.1/HLT/V1
321818,7090,16121,146.7996875,140.40509375,2018-08-26 15:49:12,2018-08-26 20:17:53,1198787891.0,13089967.0,"[CSC, CTPPS, CTPPS_TOT, DAQ, DCS, DQM, DT, ECAL, ES, GEM, HCAL, PIXEL, RPC, SCAL, TCDS, TRACKER, TRG]",collisions2018/v192,l1_trg_collisions2018/v53,/cdaq/physics/Run2018/2e34/v3.4.1/HLT/V1
321817,7090,12541,156.881703125,150.691421875,2018-08-26 12:19:10,2018-08-26 15:48:11,909362371.0,13517752.0,"[CSC, CTPPS, CTPPS_TOT, DAQ, DCS, DQM, DT, ECAL, ES, GEM, HCAL, PIXEL, RPC, SCAL, TCDS, TRACKER, TRG]",collisions2018/v192,l1_trg_collisions2018/v53,/cdaq/physics/Run2018/2e34/v3.4.1/HLT/V1
321815,7090,580,14.6575625,5.15275,2018-08-26 12:00:29,2018-08-26 12:10:09,30232203.0,459881.0,"[CSC, CTPPS, CTPPS_TOT, DAQ, DCS, DQM, DT, ECAL, ES, GEM, HCAL, PIXEL, RPC, SCAL, TCDS, TRACKER, TRG]",collisions2018/v192,l1_trg_collisions2018/v53,/cdaq/physics/Run2018/2e34/v3.4.1/HLT/V1
321813,7090,10104,163.7755,145.691515625,2018-08-26 09:07:29,2018-08-26 11:55:53,714822058.0,13179178.0,"[CSC, CTPPS, CTPPS_TOT, DAQ, DCS, DQM, DT, ECAL, ES, GEM, HCAL, PIXEL, RPC, SCAL, TCDS, TRACKER, TRG]",collisions2018/v192,l1_trg_collisions2018/v53,/cdaq/physics/Run2018/2e34/v3.4.1/HLT/V1
321796,7088,209,0.6421015625,0.4446953125,2018-08-26 04:42:58,2018-08-26 04:46:27,16711395.0,118666.0,"[CSC, CTPPS, CTPPS_TOT, DAQ, DCS, DQM, DT, ECAL, ES, GEM, HCAL, PIXEL, RPC, SCAL, TCDS, TRACKER, TRG]",collisions2018/v192,l1_trg_collisions2018/v53,/cdaq/physics/Run2018/2e34/v3.4.1/HLT/V1
321794,7088,4978,75.074375,67.016140625,2018-08-26 03:14:10,2018-08-26 04:37:08,332834690.0,6812899.0,"[CSC, CTPPS, CTPPS_TOT, DAQ, DCS, DQM, DT, ECAL, ES, GEM, HCAL, PIXEL, RPC, SCAL, TCDS, TRACKER, TRG]",collisions2018/v192,l1_trg_collisions2018/v53,/cdaq/physics/Run2018/2e34/v3.4.1/HLT/V1
321781,7087,16077,119.68371875,115.09634375,2018-08-25 20:35:31,2018-08-26 01:03:28,1117513792.0,11011718.0,"[CSC, CTPPS, CTPPS_TOT, DAQ, DCS, DQM, DT, ECAL, ES, GEM, HCAL, PIXEL, RPC, SCAL, TCDS, TRACKER, TRG]",collisions2018/v192,l1_trg_collisions2018/v53,/cdaq/physics/Run2018/2e34/v3.4.1/HLT/V1
321780,7087,12642,132.21853125,127.935578125,2018-08-25 17:04:09,2018-08-25 20:34:51,912891849.0,11688744.0,"[CSC, CTPPS, CTPPS_TOT, DAQ, DCS, DQM, DT, ECAL, ES, GEM, HCAL, PIXEL, RPC, SCAL, TCDS, TRACKER, TRG]",collisions2018/v192,l1_trg_collisions2018/v53,/cdaq/physics/Run2018/2e34/v3.4.1/HLT/V1
321778,7087,3368,45.80384375,38.656421875,2018-08-25 16:03:55,2018-08-25 17:00:03,232850522.0,3471337.0,"[CSC, CTPPS, CTPPS_TOT, DAQ, DCS, DQM, DT, ECAL, ES, GEM, HCAL, PIXEL, RPC, SCAL, TCDS, TRACKER, TRG]",collisions2018/v192,l1_trg_collisions2018/v53,/cdaq/physics/Run2018/2e34/v3.4.1/HLT/V1
321777,7087,6540,95.330125,87.6711328125,2018-08-25 14:14:14,2018-08-25 16:03:14,492023370.0,7880665.0,"[CSC, CTPPS, CTPPS_TOT, DAQ, DCS, DQM, DT, ECAL, ES, GEM, HCAL, PIXEL, RPC, SCAL, TCDS, TRACKER, TRG]",collisions2018/v192,l1_trg_collisions2018/v53,/cdaq/physics/Run2018/2e34/v3.4.1/HLT/V1
321776,7087,1009,16.3304296875,14.691875,2018-08-25 13:56:42,2018-08-25 14:13:31,76543292.0,1328127.0,"[CSC, CTPPS, CTPPS_TOT, DAQ, DCS, DQM, DT, ECAL, ES, GEM, HCAL, PIXEL, RPC, SCAL, TCDS, TRACKER, TRG]",collisions2018/v192,l1_trg_collisions2018/v53,/cdaq/physics/Run2018/2e34/v3.4.1/HLT/V1
321775,7087,1152,20.6395078125,17.164875,2018-08-25 13:35:13,2018-08-25 13:54:25,90487613.0,1910238.0,"[CSC, CTPPS, CTPPS_TOT, DAQ, DCS, DQM, DT, ECAL, ES, GEM, HCAL, PIXEL, RPC, SCAL, TCDS, TRACKER, TRG]",collisions2018/v192,l1_trg_collisions2018/v53,/cdaq/physics/Run2018/2e34/v3.4.1/HLT/V1
321774,7087,3099,53.15180078125,49.377951171875,2018-08-25 12:42:52,2018-08-25 13:34:31,236950055.0,4498609.0,"[CSC, CTPPS, CTPPS_TOT, DAQ, DCS, DQM, DT, ECAL, ES, GEM, HCAL, PIXEL, RPC, SCAL, TCDS, TRACKER, TRG]",collisions2018/v192,l1_trg_collisions2018/v53,/cdaq/physics/Run2018/2e34/v3.4.1/HLT/V1
321773,7087,2002,33.058140625,28.578294921875,2018-08-25 12:07:24,2018-08-25 12:40:46,153598351.0,3156980.0,"[CSC, CTPPS, CTPPS_TOT, DAQ, DCS, DQM, DT, ECAL, ES, GEM, HCAL, PIXEL, RPC, SCAL, TCDS, TRACKER, TRG]",collisions2018/v192,l1_trg_collisions2018/v53,/cdaq/physics/Run2018/2e34/v3.4.1/HLT/V1
321760,7083,20125,161.78553125,157.07565625,2018-08-24 19:44:11,2018-08-25 01:19:36,1399526289.0,14965508.0,"[CSC, CTPPS, CTPPS_TOT, DAQ, DCS, DQM, DT, ECAL, ES, GEM, HCAL, PIXEL, RPC, SCAL, TCDS, TRACKER, TRG]",collisions2018/v192,l1_trg_collisions2018/v53,/cdaq/physics/Run2018/2e34/v3.4.1/HLT/V1
321759,7083,265,4.71840625,2.0916875,2018-08-24 19:36:03,2018-08-24 19:40:28,13530727.0,289670.0,"[CSC, CTPPS, CTPPS_TOT, DAQ, DCS, DQM, DT, ECAL, ES, GEM, PIXEL, RPC, SCAL, TCDS, TRACKER, TRG]",collisions2018/v192,l1_trg_collisions2018/v53,/cdaq/physics/Run2018/2e34/v3.4.1/HLT/V1
321758,7083,4325,49.670171875,45.894640625,2018-08-24 18:20:23,2018-08-24 19:32:28,314897966.0,4241848.0,"[CSC, CTPPS, CTPPS_TOT, DAQ, DCS, DQM, DT, ECAL, ES, GEM, HCAL, PIXEL, RPC, SCAL, TCDS, TRACKER, TRG]",collisions2018/v192,l1_trg_collisions2018/v53,/cdaq/physics/Run2018/2e34/v3.4.1/HLT/V1
321755,7083,16852,229.5271875,218.506125,2018-08-24 13:35:41,2018-08-24 18:16:33,1146257878.0,26748106.0,"[CSC, CTPPS, CTPPS_TOT, DAQ, DCS, DQM, DT, ECAL, ES, GEM, HCAL, PIXEL, RPC, SCAL, TCDS, TRACKER, TRG]",collisions2018/v192,l1_trg_collisions2018/v53,/cdaq/physics/Run2018/2e34/v3.4.1/HLT/V1
321735,7080,3545,24.90525,24.2040625,2018-08-24 08:32:43,2018-08-24 09:31:48,232657353.0,2379285.0,"[CSC, CTPPS, CTPPS_TOT, DAQ, DCS, DQM, DT, ECAL, ES, GEM, HCAL, PIXEL, RPC, SCAL, TCDS, TRACKER, TRG]",collisions2018-l1menu-validation/v22,l1_trg_collisions2018-l1menu-validation/v9,/cdaq/physics/Run2018/2e34/v3.4.1/HLT/V1
321732,7080,33655,375.230890625,360.5039140625,2018-08-23 23:10:19,2018-08-24 08:31:14,2581606069.0,33815948.0,"[CSC, CTPPS, CTPPS_TOT, DAQ, DCS, DQM, DT, ECAL, ES, GEM, HCAL, PIXEL, RPC, SCAL, TCDS, TRACKER, TRG]",collisions2018/v191,l1_trg_collisions2018/v52,/cdaq/physics/Run2018/2e34/v3.4.1/HLT/V1
321731,7080,105,4.0859609375,4.6875E-05,2018-08-23 23:05:34,2018-08-23 23:07:19,514.0,2.0,"[CSC, CTPPS, CTPPS_TOT, DAQ, DCS, DQM, DT, ECAL, ES, GEM, HCAL, PIXEL, RPC, SCAL, TCDS, TRACKER, TRG]",collisions2018/v191,l1_trg_collisions2018/v52,/cdaq/physics/Run2018/2e34/v3.4.1/HLT/V1
321730,7080,6744,117.946314086914,104.592182723999,2018-08-23 21:09:30,2018-08-23 23:01:54,520404372.0,9844594.0,"[CSC, CTPPS, CTPPS_TOT, DAQ, DCS, DQM, DT, ECAL, ES, GEM, HCAL, PIXEL, RPC, SCAL, TCDS, TRACKER, TRG]",collisions2018/v191,l1_trg_collisions2018/v52,/cdaq/physics/Run2018/2e34/v3.4.1/HLT/V1
321712,7078,6277,95.265236328125,91.526892578125,2018-08-23 13:41:33,2018-08-23 15:26:10,512630731.0,8557877.0,"[CSC, CTPPS, CTPPS_TOT, DAQ, DCS, DQM, DT, ECAL, ES, GEM, HCAL, PIXEL, RPC, SCAL, TCDS, TRACKER, TRG]",collisions2018-hltmenu-validation/v37,l1_trg_collisions2018/v52,/cdaq/physics/Run2018/2e34/v3.4.1/HLT/V1
321710,7078,1233,19.790935302734,17.38050863266,2018-08-23 13:19:25,2018-08-23 13:39:58,84092136.0,1665595.0,"[CSC, CTPPS, CTPPS_TOT, DAQ, DCS, DQM, DT, ECAL, ES, GEM, HCAL, PIXEL, RPC, SCAL, TCDS, TRACKER, TRG]",collisions2018/v189,l1_trg_collisions2018/v52,/cdaq/physics/Run2018/2e34/v3.4.0/HLT/V2
321709,7078,967,1.859009765625,0.015924150467,2018-08-23 13:01:46,2018-08-23 13:17:53,16332501.0,175717.0,"[CSC, CTPPS, CTPPS_TOT, DAQ, DCS, DQM, DT, ECAL, ES, GEM, HCAL, PIXEL, RPC, SCAL, TCDS, TRACKER, TRG]",collisions2018-hltmenu-validation/v37,l1_trg_collisions2018/v52,/cdaq/physics/Run2018/2e34/v3.4.1/HLT/V1
321475,7069,48859,500.76546875,483.45928125,2018-08-20 01:10:57,2018-08-20 14:45:16,3167123633.0,44011980.0,"[CSC, CTPPS, CTPPS_TOT, DAQ, DCS, DQM, DT, ECAL, ES, GEM, HCAL, PIXEL, RPC, SCAL, TCDS, TRACKER, TRG]",collisions2018/v188,l1_trg_collisions2018/v51,/cdaq/physics/Run2018/2e34/v3.4.0/HLT/V2
321461,7065,3648,22.68171875,21.9890625,2018-08-19 19:37:29,2018-08-19 20:38:17,206828410.0,2092918.0,"[CSC, CTPPS, CTPPS_TOT, DAQ, DCS, DQM, DT, ECAL, ES, GEM, HCAL, PIXEL, RPC, SCAL, TCDS, TRACKER, TRG]",collisions2018/v188,l1_trg_collisions2018/v51,/cdaq/physics/Run2018/2e34/v3.4.0/HLT/V2
321457,7065,44025,512.6190625,491.80971875,2018-08-19 07:21:11,2018-08-19 19:34:56,2933104520.0,44316964.0,"[CSC, CTPPS, CTPPS_TOT, DAQ, DCS, DQM, DT, ECAL, ES, GEM, HCAL, PIXEL, RPC, SCAL, TCDS, TRACKER, TRG]",collisions2018/v188,l1_trg_collisions2018/v51,/cdaq/physics/Run2018/2e34/v3.4.0/HLT/V2
321436,7063,16917,144.77425,141.064,2018-08-18 20:20:07,2018-08-19 01:02:04,1086394545.0,12959388.0,"[CSC, CTPPS, CTPPS_TOT, DAQ, DCS, DQM, DT, ECAL, ES, HCAL, PIXEL, RPC, SCAL, TCDS, TRACKER, TRG]",collisions2018/v188,l1_trg_collisions2018/v51,/cdaq/physics/Run2018/2e34/v3.4.0/HLT/V2
321434,7063,14988,193.340265625,183.7601484375,2018-08-18 16:06:19,2018-08-18 20:16:07,1025054155.0,16208922.0,"[CSC, CTPPS, CTPPS_TOT, DAQ, DCS, DQM, DT, ECAL, ES, GEM, HCAL, PIXEL, RPC, SCAL, TCDS, TRACKER, TRG]",collisions2018/v188,l1_trg_collisions2018/v51,/cdaq/physics/Run2018/2e34/v3.4.0/HLT/V2
321433,7063,2947,49.1072734375,43.299328125,2018-08-18 15:14:18,2018-08-18 16:03:25,204560728.0,3815837.0,"[CSC, CTPPS, CTPPS_TOT, DAQ, DCS, DQM, DT, ECAL, ES, GEM, HCAL, PIXEL, RPC, SCAL, TCDS, TRACKER, TRG]",collisions2018/v188,l1_trg_collisions2018/v51,/cdaq/physics/Run2018/2e34/v3.4.0/HLT/V2
321432,7063,1148,20.36990625,16.81504296875,2018-08-18 14:53:32,2018-08-18 15:12:40,73060401.0,1486896.0,"[CSC, CTPPS, CTPPS_TOT, DAQ, DCS, DQM, DT, ECAL, ES, GEM, HCAL, PIXEL, RPC, SCAL, TCDS, TRACKER, TRG]",collisions2018/v188,l1_trg_collisions2018/v51,/cdaq/physics/Run2018/2e34/v3.4.0/HLT/V2
321431,7063,4265,64.35711328125,57.7917734375,2018-08-18 13:39:45,2018-08-18 14:50:50,269457519.0,5283605.0,"[CSC, CTPPS, CTPPS_TOT, DAQ, DCS, DQM, DT, ECAL, ES, GEM, HCAL, PIXEL, RPC, SCAL, TCDS, TRACKER, TRG]",collisions2018/v188,l1_trg_collisions2018/v51,/cdaq/physics/Run2018/2e34/v3.4.0/HLT/V2
321415,7061,21898,167.18965625,162.1915,2018-08-18 05:20:36,2018-08-18 11:25:34,1397291664.0,14619412.0,"[CSC, CTPPS, CTPPS_TOT, DAQ, DCS, DQM, DT, ECAL, ES, GEM, HCAL, PIXEL, RPC, SCAL, TCDS, TRACKER, TRG]",collisions2018/v188,l1_trg_collisions2018/v51,/cdaq/physics/Run2018/2e34/v3.4.0/HLT/V2
321414,7061,29714,404.8096875,387.6995,2018-08-17 21:01:45,2018-08-18 05:16:59,2108399309.0,35775080.0,"[CSC, CTPPS, CTPPS_TOT, DAQ, DCS, DQM, DT, ECAL, ES, GEM, HCAL, PIXEL, RPC, SCAL, TCDS, TRACKER, TRG]",collisions2018/v188,l1_trg_collisions2018/v51,/cdaq/physics/Run2018/2e34/v3.4.0/HLT/V2
321397,7058,8705,55.4816875,53.9173125,2018-08-17 16:05:42,2018-08-17 18:30:47,509429416.0,5336831.0,"[CSC, CTPPS, CTPPS_TOT, DAQ, DCS, DQM, DT, ECAL, ES, GEM, HCAL, PIXEL, RPC, SCAL, TCDS, TRACKER, TRG]",collisions2018-hltmenu-validation/v36,l1_trg_collisions2018menuval/v23,/cdaq/physics/Run2018/2e34/v3.4.0/HLT/V2
321396,7058,34285,387.0258984375,371.1838515625,2018-08-17 06:29:00,2018-08-17 16:00:25,2260024312.0,33354196.0,"[CSC, CTPPS, CTPPS_TOT, DAQ, DCS, DQM, DT, ECAL, ES, GEM, HCAL, PIXEL, RPC, SCAL, TCDS, TRACKER, TRG]",collisions2018/v186,l1_trg_collisions2018/v51,/cdaq/physics/Run2018/2e34/v3.3.0/HLT/V9
321393,7058,3390,56.079908203125,52.592984233856,2018-08-17 05:31:50,2018-08-17 06:28:20,223764182.0,4768364.0,"[CSC, CTPPS, CTPPS_TOT, DAQ, DCS, DQM, DT, ECAL, ES, GEM, HCAL, PIXEL, RPC, SCAL, TCDS, TRACKER, TRG]",collisions2018/v186,l1_trg_collisions2018/v51,/cdaq/physics/Run2018/2e34/v3.3.0/HLT/V9
321313,7056,9827,28.1866875,27.74,2018-08-16 01:54:20,2018-08-16 04:38:07,267396614.0,3226955.0,"[CSC, CTPPS, CTPPS_TOT, DAQ, DCS, DQM, DT, ECAL, ES, GEM, HCAL, PIXEL, RPC, SCAL, TCDS, TRACKER, TRG]",collisions2018/v181,l1_trg_collisions2018/v50,/cdaq/physics/Run2018/2e34/v3.3.0/HLT/V9
321312,7056,17763,63.6505,61.573,2018-08-15 20:54:30,2018-08-16 01:50:33,591506618.0,6857776.0,"[CSC, CTPPS, CTPPS_TOT, DAQ, DCS, DQM, DT, ECAL, ES, GEM, HCAL, PIXEL, RPC, SCAL, TCDS, TRACKER, TRG]",collisions2018/v181,l1_trg_collisions2018/v50,/cdaq/physics/Run2018/2e34/v3.3.0/HLT/V9
321311,7056,277,1.5955,0.4758125,2018-08-15 20:47:33,2018-08-15 20:52:10,15069069.0,56920.0,"[CSC, CTPPS, CTPPS_TOT, DAQ, DCS, DQM, DT, ECAL, ES, GEM, HCAL, PIXEL, RPC, SCAL, TCDS, TRACKER, TRG]",collisions2018/v181,l1_trg_collisions2018/v50,/cdaq/physics/Run2018/2e34/v3.3.0/HLT/V9
321310,7056,4033,18.0034375,16.8539375,2018-08-15 19:37:36,2018-08-15 20:44:49,158568142.0,1781347.0,"[CSC, CTPPS, CTPPS_TOT, DAQ, DCS, DQM, DT, ECAL, ES, GEM, HCAL, PIXEL, RPC, SCAL, TCDS, TRACKER, TRG]",collisions2018/v181,l1_trg_collisions2018/v50,/cdaq/physics/Run2018/2e34/v3.3.0/HLT/V9
321305,7056,62030,640.7761875,612.3770625,2018-08-15 01:53:49,2018-08-15 19:07:39,3892216634.0,55708629.0,"[CSC, CTPPS, CTPPS_TOT, DAQ, DCS, DQM, DT, ECAL, ES, GEM, HCAL, PIXEL, RPC, SCAL, TCDS, TRACKER, TRG]",collisions2018/v181,l1_trg_collisions2018/v50,/cdaq/physics/Run2018/2e34/v3.3.0/HLT/V9
321296,7055,1739,15.21446875,14.6275625,2018-08-14 22:54:39,2018-08-14 23:23:38,106933527.0,1329205.0,"[CSC, CTPPS, CTPPS_TOT, DAQ, DCS, DQM, DT, ECAL, ES, HCAL, PIXEL, RPC, SCAL, TCDS, TRACKER, TRG]",collisions2018/v181,l1_trg_collisions2018/v50,/cdaq/physics/Run2018/2e34/v3.3.0/HLT/V9
321295,7055,17503,215.63421875,206.5959375,2018-08-14 18:00:31,2018-08-14 22:52:14,1196976657.0,18446876.0,"[CSC, CTPPS, CTPPS_TOT, DAQ, DCS, DQM, DT, ECAL, ES, HCAL, PIXEL, RPC, SCAL, TCDS, TRACKER, TRG]",collisions2018/v181,l1_trg_collisions2018/v50,/cdaq/physics/Run2018/2e34/v3.3.0/HLT/V9
321294,7055,1472,23.47728125,20.9064921875,2018-08-14 17:35:02,2018-08-14 17:59:34,97798153.0,1825277.0,"[CSC, CTPPS, CTPPS_TOT, DAQ, DCS, DQM, DT, ECAL, ES, HCAL, PIXEL, RPC, SCAL, TCDS, TRACKER, TRG]",collisions2018/v181,l1_trg_collisions2018/v50,/cdaq/physics/Run2018/2e34/v3.3.0/HLT/V9
321283,7055,8358,156.38165625,122.651515625,2018-08-14 14:46:51,2018-08-14 17:06:09,535410733.0,11104623.0,"[CSC, CTPPS, CTPPS_TOT, DAQ, DCS, DQM, DT, ECAL, ES, HCAL, PIXEL, RPC, SCAL, TCDS, TRACKER, TRG]",collisions2018/v181,l1_trg_collisions2018/v50,/cdaq/physics/Run2018/2e34/v3.3.0/HLT/V9
321262,7054,367,2.009908203125,1.922301269531,2018-08-14 12:49:05,2018-08-14 12:55:12,8681805.0,184399.0,"[CSC, CTPPS, CTPPS_TOT, DAQ, DCS, DQM, DT, ECAL, ES, HCAL, PIXEL, RPC, SCAL, TCDS, TRACKER, TRG]",collisions2018/v181,l1_trg_collisions2018/v50,/cdaq/physics/Run2018/2e34/v3.3.0/HLT/V9
321261,7054,1375,8.071568847656,5.205845703125,2018-08-14 12:23:52,2018-08-14 12:46:47,37812626.0,561713.0,"[CSC, CTPPS, CTPPS_TOT, DAQ, DCS, DQM, DT, ECAL, ES, HCAL, PIXEL, RPC, SCAL, TCDS, TRACKER, TRG]",collisions2018/v181,l1_trg_collisions2018/v50,/cdaq/physics/Run2018/2e34/v3.3.0/HLT/V9
321233,7053,17528,243.035859375,235.8303359375,2018-08-14 04:46:45,2018-08-14 09:38:53,1139693264.0,20236491.0,"[CSC, CTPPS, CTPPS_TOT, DAQ, DCS, DQM, DT, ECAL, ES, HCAL, PIXEL, RPC, SCAL, TCDS, TRACKER, TRG]",collisions2018/v181,l1_trg_collisions2018/v50,/cdaq/physics/Run2018/2e34/v3.3.0/HLT/V9
321232,7053,621,11.8942421875,6.096796875,2018-08-14 04:34:58,2018-08-14 04:45:19,24985502.0,529624.0,"[CSC, CTPPS, CTPPS_TOT, DAQ, DCS, DQM, DT, ECAL, ES, HCAL, PIXEL, RPC, SCAL, TCDS, TRACKER, TRG]",collisions2018/v181,l1_trg_collisions2018/v50,/cdaq/physics/Run2018/2e34/v3.3.0/HLT/V9
321231,7053,1425,28.7751015625,14.695783203125,2018-08-14 04:08:04,2018-08-14 04:31:49,60853987.0,1285028.0,"[CSC, CTPPS, CTPPS_TOT, DAQ, DCS, DQM, DT, ECAL, ES, HCAL, PIXEL, RPC, SCAL, TCDS, TRACKER, TRG]",collisions2018/v181,l1_trg_collisions2018/v50,/cdaq/physics/Run2018/2e34/v3.3.0/HLT/V9
321230,7053,2867,38.026703125,23.767326171875,2018-08-14 03:17:10,2018-08-14 04:04:57,106122896.0,2179644.0,"[CSC, CTPPS, CTPPS_TOT, DAQ, DCS, DQM, DT, ECAL, ES, HCAL, PIXEL, RPC, SCAL, TCDS, TRACKER, TRG]",collisions2018/v181,l1_trg_collisions2018/v50,/cdaq/physics/Run2018/2e34/v3.3.0/HLT/V9
321221,7052,1071,6.17490625,6.03928125,2018-08-14 00:12:34,2018-08-14 00:30:25,56095437.0,574760.0,"[CSC, CTPPS, CTPPS_TOT, DAQ, DCS, DQM, DT, ECAL, ES, HCAL, PIXEL, RPC, SCAL, TCDS, TRACKER, TRG]",collisions2018/v181,l1_trg_collisions2018/v50,/cdaq/physics/Run2018/2e34/v3.3.0/HLT/V9
321219,7052,21724,190.3211875,184.6983125,2018-08-13 18:09:41,2018-08-14 00:11:45,1386438204.0,16679316.0,"[CSC, CTPPS, CTPPS_TOT, DAQ, DCS, DQM, DT, ECAL, ES, HCAL, PIXEL, RPC, SCAL, TCDS, TRACKER, TRG]",collisions2018/v181,l1_trg_collisions2018/v50,/cdaq/physics/Run2018/2e34/v3.3.0/HLT/V9
321218,7052,22461,303.68596875,288.35925,2018-08-13 11:54:12,2018-08-13 18:08:33,1406397638.0,25140151.0,"[CSC, CTPPS, CTPPS_TOT, DAQ, DCS, DQM, DT, ECAL, ES, GEM, HCAL, PIXEL, RPC, SCAL, TCDS, TRACKER, TRG]",collisions2018/v181,l1_trg_collisions2018/v50,/cdaq/physics/Run2018/2e34/v3.3.0/HLT/V9
321178,7048,2609,25.36565625,24.6075625,2018-08-13 06:54:45,2018-08-13 07:38:14,118784274.0,2047701.0,"[CSC, CTPPS, CTPPS_TOT, DAQ, DCS, DQM, DT, ECAL, ES, GEM, HCAL, PIXEL, RPC, SCAL, TCDS, TRACKER, TRG]",collisions2018/v181,l1_trg_collisions2018/v50,/cdaq/physics/Run2018/2e34/v3.3.0/HLT/V9
321177,7048,12007,189.22265625,175.5446875,2018-08-13 03:25:03,2018-08-13 06:45:10,722112736.0,20603538.0,"[CSC, CTPPS, CTPPS_TOT, DAQ, DCS, DQM, DT, ECAL, ES, GEM, HCAL, PIXEL, RPC, SCAL, TCDS, TRACKER, TRG]",collisions2018/v181,l1_trg_collisions2018/v50,/cdaq/physics/Run2018/2e34/v3.3.0/HLT/V9
321167,7047,21697,289.28978125,280.4631796875,2018-08-12 15:49:58,2018-08-12 21:51:35,1418058134.0,24271943.0,"[CSC, CTPPS, CTPPS_TOT, DAQ, DCS, DQM, DT, ECAL, ES, GEM, HCAL, PIXEL, RPC, SCAL, TCDS, TRACKER, TRG]",collisions2018/v181,l1_trg_collisions2018/v50,/cdaq/physics/Run2018/2e34/v3.3.0/HLT/V9
321166,7047,318,8.49678125,3.4019140625,2018-08-12 15:41:41,2018-08-12 15:46:59,14022719.0,296922.0,"[CSC, CTPPS, CTPPS_TOT, DAQ, DCS, DQM, DT, ECAL, ES, GEM, HCAL, PIXEL, RPC, SCAL, TCDS, TRACKER, TRG]",collisions2018/v181,l1_trg_collisions2018/v50,/cdaq/physics/Run2018/2e34/v3.3.0/HLT/V9
321165,7047,78,24.3860703125,0.33384765625,2018-08-12 15:18:27,2018-08-12 15:19:45,1633556.0,34438.0,"[CSC, CTPPS, CTPPS_TOT, DAQ, DCS, DQM, DT, ECAL, ES, GEM, HCAL, PIXEL, RPC, SCAL, TCDS, TRACKER, TRG]",collisions2018/v181,l1_trg_collisions2018/v50,/cdaq/physics/Run2018/2e34/v3.3.0/HLT/V9
321164,7047,1563,31.224556640625,26.623084960938,2018-08-12 14:49:42,2018-08-12 15:15:45,109058204.0,2360759.0,"[CSC, CTPPS, CTPPS_TOT, DAQ, DCS, DQM, DT, ECAL, ES, GEM, HCAL, PIXEL, RPC, SCAL, TCDS, TRACKER, TRG]",collisions2018/v181,l1_trg_collisions2018/v50,/cdaq/physics/Run2018/2e34/v3.3.0/HLT/V9
321162,7047,1259,17.266607421875,12.273041015625,2018-08-12 14:25:26,2018-08-12 14:46:25,59696866.0,1138956.0,"[CSC, CTPPS, CTPPS_TOT, DAQ, DCS, DQM, DT, ECAL, ES, GEM, HCAL, PIXEL, RPC, SCAL, TCDS, TRACKER, TRG]",collisions2018/v181,l1_trg_collisions2018/v50,/cdaq/physics/Run2018/2e34/v3.3.0/HLT/V9
321149,7045,40915,458.5910625,445.09240625,2018-08-11 22:11:34,2018-08-12 09:33:29,2614839988.0,39586069.0,"[CSC, CTPPS, CTPPS_TOT, DAQ, DCS, DQM, DT, ECAL, ES, GEM, HCAL, PIXEL, RPC, SCAL, TCDS, TRACKER, TRG]",collisions2018/v181,l1_trg_collisions2018/v50,/cdaq/physics/Run2018/2e34/v3.3.0/HLT/V9
321140,7043,18752,123.231828125,120.409375,2018-08-11 14:24:08,2018-08-11 19:36:40,1114611514.0,11514086.0,"[CSC, CTPPS, CTPPS_TOT, DAQ, DCS, DQM, DT, ECAL, ES, GEM, HCAL, PIXEL, RPC, SCAL, TCDS, TRACKER, TRG]",collisions2018/v181,l1_trg_collisions2018/v50,/cdaq/physics/Run2018/2e34/v3.3.0/HLT/V9
321138,7043,17171,156.09435546875,145.650020507813,2018-08-11 09:31:48,2018-08-11 14:17:59,1060104244.0,13290592.0,"[CSC, CTPPS, CTPPS_TOT, DAQ, DCS, DQM, DT, ECAL, ES, GEM, HCAL, PIXEL, RPC, SCAL, TCDS, TRACKER, TRG]",collisions2018/v181,l1_trg_collisions2018/v50,/cdaq/physics/Run2018/2e34/v3.3.0/HLT/V9
321134,7043,3016,35.13878125,8.954513671875,2018-08-11 08:26:32,2018-08-11 09:16:48,63568792.0,920555.0,"[CSC, CTPPS, CTPPS_TOT, DAQ, DCS, DQM, DT, ECAL, ES, GEM, HCAL, PIXEL, RPC, SCAL, TCDS, TRACKER, TRG]",collisions2018/v181,l1_trg_collisions2018/v50,/cdaq/physics/Run2018/2e34/v3.3.0/HLT/V9
321126,7042,11716,84.11353125,81.384625,2018-08-11 01:02:41,2018-08-11 04:17:57,704154837.0,7599953.0,"[CSC, CTPPS, CTPPS_TOT, DAQ, DCS, DQM, DT, ECAL, ES, GEM, HCAL, PIXEL, RPC, SCAL, TCDS, TRACKER, TRG]",collisions2018/v181,l1_trg_collisions2018/v50,/cdaq/physics/Run2018/2e34/v3.3.0/HLT/V9
321124,7042,19116,209.036734375,188.986453125,2018-08-10 19:19:29,2018-08-11 00:38:05,1215132093.0,16806873.0,"[CSC, CTPPS, CTPPS_TOT, DAQ, DCS, DQM, DT, ECAL, ES, HCAL, PIXEL, RPC, SCAL, TCDS, TRACKER, TRG]",collisions2018/v181,l1_trg_collisions2018/v50,/cdaq/physics/Run2018/2e34/v3.3.0/HLT/V9
321123,7042,140,3.177875,0.00725,2018-08-10 19:14:47,2018-08-10 19:17:07,39719.0,638.0,"[CSC, CTPPS, CTPPS_TOT, DAQ, DCS, DQM, DT, ECAL, ES, GEM, HCAL, PIXEL, RPC, SCAL, TCDS, TRACKER, TRG]",collisions2018/v181,l1_trg_collisions2018/v50,/cdaq/physics/Run2018/2e34/v3.3.0/HLT/V9
321122,7042,9140,130.3399296875,122.42678125,2018-08-10 16:41:23,2018-08-10 19:13:43,622007021.0,10683077.0,"[CSC, CTPPS, CTPPS_TOT, DAQ, DCS, DQM, DT, ECAL, ES, GEM, HCAL, PIXEL, RPC, SCAL, TCDS, TRACKER, TRG]",collisions2018/v181,l1_trg_collisions2018/v50,/cdaq/physics/Run2018/2e34/v3.3.0/HLT/V9
321121,7042,1101,19.13759375,16.1000234375,2018-08-10 16:21:23,2018-08-10 16:39:44,78519899.0,1415230.0,"[CSC, CTPPS, CTPPS_TOT, DAQ, DCS, DQM, DT, ECAL, ES, GEM, HCAL, PIXEL, RPC, SCAL, TCDS, TRACKER, TRG]",collisions2018/v181,l1_trg_collisions2018/v50,/cdaq/physics/Run2018/2e34/v3.3.0/HLT/V9
321119,7042,4997,67.5788515625,60.10015234375,2018-08-10 14:54:57,2018-08-10 16:18:14,263792985.0,5471657.0,"[CSC, CTPPS, CTPPS_TOT, DAQ, DCS, DQM, DT, ECAL, ES, GEM, HCAL, PIXEL, RPC, SCAL, TCDS, TRACKER, TRG]",collisions2018/v181,l1_trg_collisions2018/v50,/cdaq/physics/Run2018/2e34/v3.3.0/HLT/V9
321069,7040,7635,52.4699375,50.7155625,2018-08-10 02:53:14,2018-08-10 05:00:29,469737447.0,4770774.0,"[CSC, CTPPS, CTPPS_TOT, DAQ, DCS, DQM, DT, ECAL, ES, GEM, HCAL, PIXEL, RPC, SCAL, TCDS, TRACKER, TRG]",collisions2018/v180,l1_trg_collisions2018/v50,/cdaq/physics/Run2018/2e34/v3.3.0/HLT/V9
321068,7040,16514,155.734671875,150.02575,2018-08-09 22:15:42,2018-08-10 02:50:56,1046714774.0,13432129.0,"[CSC, CTPPS, CTPPS_TOT, DAQ, DCS, DQM, DT, ECAL, ES, GEM, HCAL, PIXEL, RPC, SCAL, TCDS, TRACKER, TRG]",collisions2018/v180,l1_trg_collisions2018/v50,/cdaq/physics/Run2018/2e34/v3.3.0/HLT/V9
321067,7040,14885,187.008078125,178.465109375,2018-08-09 18:05:59,2018-08-09 22:14:04,918545505.0,15701033.0,"[CSC, CTPPS, CTPPS_TOT, DAQ, DCS, DQM, DT, ECAL, ES, GEM, HCAL, PIXEL, RPC, SCAL, TCDS, TRACKER, TRG]",collisions2018/v180,l1_trg_collisions2018/v50,/cdaq/physics/Run2018/2e34/v3.3.0/HLT/V9
321055,7039,17904,137.1094375,133.60015625,2018-08-09 10:34:37,2018-08-09 15:33:01,1100830562.0,12406964.0,"[CSC, CTPPS, CTPPS_TOT, DAQ, DCS, DQM, DT, ECAL, ES, GEM, HCAL, PIXEL, RPC, SCAL, TCDS, TRACKER, TRG]",collisions2018/v180,l1_trg_collisions2018/v50,/cdaq/physics/Run2018/2e34/v3.3.0/HLT/V9
321051,7039,27312,336.69046875,317.8570625,2018-08-09 02:54:43,2018-08-09 10:29:55,1707930684.0,28185553.0,"[CSC, CTPPS, CTPPS_TOT, DAQ, DCS, DQM, DT, ECAL, ES, GEM, HCAL, PIXEL, RPC, SCAL, TCDS, TRACKER, TRG]",collisions2018/v180,l1_trg_collisions2018/v50,/cdaq/physics/Run2018/2e34/v3.3.0/HLT/V9
321012,7037,4915,19.740625,18.8773125,2018-08-08 13:57:20,2018-08-08 15:19:15,233502350.0,1341507.0,"[CSC, CTPPS, CTPPS_TOT, DAQ, DCS, DQM, DT, ECAL, ES, HCAL, PIXEL, RPC, SCAL, TCDS, TRACKER, TRG]",collisions2018/v180,l1_trg_collisions2018/v50,/cdaq/physics/Run2018/2e34/v3.3.0/HLT/V9
321011,7037,4965,31.24125,27.56603125,2018-08-08 12:31:37,2018-08-08 13:54:22,274669954.0,2830146.0,"[CSC, CTPPS, CTPPS_TOT, DAQ, DCS, DQM, DT, ECAL, ES, HCAL, PIXEL, RPC, SCAL, TCDS, TRACKER, TRG]",collisions2018/v180,l1_trg_collisions2018/v50,/cdaq/physics/Run2018/2e34/v3.3.0/HLT/V9
321010,7037,8012,58.146625,54.490625,2018-08-08 10:15:15,2018-08-08 12:28:47,540999854.0,5468342.0,"[CSC, CTPPS, CTPPS_TOT, DAQ, DCS, DQM, DT, ECAL, ES, HCAL, PIXEL, RPC, SCAL, TCDS, TRACKER, TRG]",collisions2018/v180,l1_trg_collisions2018/v50,/cdaq/physics/Run2018/2e34/v3.3.0/HLT/V9
321009,7037,1882,15.6885625,14.0091875,2018-08-08 09:42:18,2018-08-08 10:13:40,121960518.0,1373168.0,"[CSC, CTPPS, CTPPS_TOT, DAQ, DCS, DQM, DT, ECAL, ES, HCAL, PIXEL, RPC, SCAL, TCDS, TRACKER, TRG]",collisions2018/v180,l1_trg_collisions2018/v50,/cdaq/physics/Run2018/2e34/v3.3.0/HLT/V9
321007,7037,19357,200.46690625,193.28334375,2018-08-08 04:18:52,2018-08-08 09:41:29,1327192278.0,18343388.0,"[CSC, CTPPS, CTPPS_TOT, DAQ, DCS, DQM, DT, ECAL, ES, HCAL, PIXEL, RPC, SCAL, TCDS, TRACKER, TRG]",collisions2018/v180,l1_trg_collisions2018/v50,/cdaq/physics/Run2018/2e34/v3.3.0/HLT/V9
321006,7037,3865,52.8265234375,49.35666796875,2018-08-08 03:13:31,2018-08-08 04:17:56,292119911.0,4625693.0,"[CSC, CTPPS, CTPPS_TOT, DAQ, DCS, DQM, DT, ECAL, ES, HCAL, PIXEL, RPC, SCAL, TCDS, TRACKER, TRG]",collisions2018/v180,l1_trg_collisions2018/v50,/cdaq/physics/Run2018/2e34/v3.3.0/HLT/V9
321005,7037,1497,22.787875,18.27683984375,2018-08-08 02:46:52,2018-08-08 03:11:49,109494962.0,1728096.0,"[CSC, CTPPS, CTPPS_TOT, DAQ, DCS, DQM, DT, ECAL, ES, HCAL, PIXEL, RPC, SCAL, TCDS, TRACKER, TRG]",collisions2018/v180,l1_trg_collisions2018/v50,/cdaq/physics/Run2018/2e34/v3.3.0/HLT/V9
321004,7037,4360,51.4662421875,45.57251171875,2018-08-08 01:31:54,2018-08-08 02:44:34,253273413.0,4448950.0,"[CSC, CTPPS, CTPPS_TOT, DAQ, DCS, DQM, DT, ECAL, ES, HCAL, PIXEL, RPC, SCAL, TCDS, TRACKER, TRG]",collisions2018/v180,l1_trg_collisions2018/v50,/cdaq/physics/Run2018/2e34/v3.3.0/HLT/V9
320996,7036,9139,49.51722265625,47.215580078125,2018-08-07 20:41:24,2018-08-07 23:13:43,584169676.0,5505819.0,"[CSC, CTPPS, CTPPS_TOT, DAQ, DCS, DQM, DT, ECAL, ES, GEM, HCAL, PIXEL, RPC, SCAL, TCDS, TRACKER, TRG]",collisions2018/v180,l1_trg_collisions2018/v50,/cdaq/physics/Run2018/2e34/v3.3.0/HLT/V9
320995,7036,4888,28.596931640625,25.377693359375,2018-08-07 19:18:19,2018-08-07 20:39:47,320013235.0,3045954.0,"[CSC, CTPPS, CTPPS_TOT, DAQ, DCS, DQM, DT, ECAL, ES, GEM, HCAL, PIXEL, RPC, SCAL, TCDS, TRACKER, TRG]",collisions2018/v180,l1_trg_collisions2018/v50,/cdaq/physics/Run2018/2e34/v3.3.0/HLT/V9
320980,7035,3525,39.1135078125,37.8041875,2018-08-07 15:35:15,2018-08-07 16:34:00,189858574.0,3765142.0,"[CSC, CTPPS, CTPPS_TOT, DAQ, DCS, DQM, DT, ECAL, ES, HCAL, PIXEL, RPC, SCAL, TCDS, TRACKER, TRG]",collisions2018/v180,l1_trg_collisions2018/v50,/cdaq/physics/Run2018/2e34/v3.3.0/HLT/V9
320941,7033,2489,16.43896875,15.789625,2018-08-07 12:38:50,2018-08-07 13:20:19,153797863.0,1493249.0,"[CSC, CTPPS, CTPPS_TOT, DAQ, DCS, DQM, DT, ECAL, ES, HCAL, PIXEL, RPC, SCAL, TCDS, TRACKER, TRG]",collisions2018/v180,l1_trg_collisions2018/v50,/cdaq/physics/Run2018/2e34/v3.3.0/HLT/V9
320936,7033,9334,79.086953125,74.652078125,2018-08-07 10:00:32,2018-08-07 12:36:06,566770712.0,7003797.0,"[CSC, CTPPS, CTPPS_TOT, DAQ, DCS, DQM, DT, ECAL, ES, HCAL, PIXEL, RPC, SCAL, TCDS, TRACKER, TRG]",collisions2018/v180,l1_trg_collisions2018/v50,/cdaq/physics/Run2018/2e34/v3.3.0/HLT/V9
320934,7033,19275,207.443078125,199.87201953125,2018-08-07 04:37:41,2018-08-07 09:58:56,1304137306.0,18355446.0,"[CSC, CTPPS, CTPPS_TOT, DAQ, DCS, DQM, DT, ECAL, ES, HCAL, PIXEL, RPC, SCAL, TCDS, TRACKER, TRG]",collisions2018/v180,l1_trg_collisions2018/v50,/cdaq/physics/Run2018/2e34/v3.3.0/HLT/V9
320933,7033,4948,54.34990234375,50.3009140625,2018-08-07 03:13:34,2018-08-07 04:36:02,295599234.0,4710887.0,"[CSC, CTPPS, CTPPS_TOT, DAQ, DCS, DQM, DT, ECAL, ES, HCAL, PIXEL, RPC, SCAL, TCDS, TRACKER, TRG]",collisions2018/v180,l1_trg_collisions2018/v50,/cdaq/physics/Run2018/2e34/v3.3.0/HLT/V9
320920,7031,4435,24.168381379,23.4258077,2018-08-06 21:55:08,2018-08-06 23:09:03,230330128.0,2326383.0,"[CSC, CTPPS, CTPPS_TOT, DAQ, DCS, DQM, DT, ECAL, ES, HCAL, PIXEL, RPC, SCAL, TCDS, TRACKER, TRG]",collisions2018/v180,l1_trg_collisions2018/v50,/cdaq/physics/Run2018/2e34/v3.3.0/HLT/V9
320917,7031,44945,471.216425792,455.987881664,2018-08-06 09:24:13,2018-08-06 21:53:18,3023276023.0,41979676.0,"[CSC, CTPPS, CTPPS_TOT, DAQ, DCS, DQM, DT, ECAL, ES, HCAL, PIXEL, RPC, SCAL, TCDS, TRACKER, TRG]",collisions2018/v180,l1_trg_collisions2018/v50,/cdaq/physics/Run2018/2e34/v3.3.0/HLT/V9
320916,7031,628,10.503577073,6.355549547,2018-08-06 09:11:17,2018-08-06 09:21:45,27222201.0,563579.0,"[CSC, CTPPS, CTPPS_TOT, DAQ, DCS, DQM, DT, ECAL, ES, HCAL, PIXEL, RPC, TCDS, TRACKER, TRG]",collisions2018/v180,l1_trg_collisions2018/v50,/cdaq/physics/Run2018/2e34/v3.3.0/HLT/V9
320888,7026,3118,42.7346171875,40.85221875,2018-08-06 00:25:16,2018-08-06 01:17:14,201482249.0,3850866.0,"[CSC, CTPPS, CTPPS_TOT, DAQ, DCS, DQM, DT, ECAL, ES, HCAL, PIXEL, RPC, SCAL, TCDS, TRACKER, TRG]",collisions2018/v180,l1_trg_collisions2018/v50,/cdaq/physics/Run2018/2e34/v3.3.0/HLT/V9
320887,7026,7529,105.2696796875,100.73578125,2018-08-05 22:19:06,2018-08-06 00:24:35,456584173.0,9293387.0,"[CSC, CTPPS, CTPPS_TOT, DAQ, DCS, DQM, DT, ECAL, ES, HCAL, PIXEL, RPC, SCAL, TCDS, TRACKER, TRG]",collisions2018/v180,l1_trg_collisions2018/v50,/cdaq/physics/Run2018/2e34/v3.3.0/HLT/V9
320859,7024,1221,5.61640625,5.258375,2018-08-05 17:58:55,2018-08-05 18:19:16,52212538.0,510339.0,"[CSC, CTPPS, CTPPS_TOT, DAQ, DCS, DQM, DT, ECAL, ES, HCAL, PIXEL, RPC, SCAL, TCDS, TRACKER, TRG]",collisions2018/v180,l1_trg_collisions2018/v50,/cdaq/physics/Run2018/2e34/v3.3.0/HLT/V9
320858,7024,5440,38.3926875,35.7609375,2018-08-05 16:26:06,2018-08-05 17:56:46,350544257.0,3495941.0,"[CSC, CTPPS, CTPPS_TOT, DAQ, DCS, DQM, DT, ECAL, ES, HCAL, PIXEL, RPC, SCAL, TCDS, TRACKER, TRG]",collisions2018/v180,l1_trg_collisions2018/v50,/cdaq/physics/Run2018/2e34/v3.3.0/HLT/V9
320857,7024,6386,52.90325,50.37078125,2018-08-05 14:38:51,2018-08-05 16:25:17,405256707.0,4763638.0,"[CSC, CTPPS, CTPPS_TOT, DAQ, DCS, DQM, DT, ECAL, ES, HCAL, PIXEL, RPC, SCAL, TCDS, TRACKER, TRG]",collisions2018/v180,l1_trg_collisions2018/v50,/cdaq/physics/Run2018/2e34/v3.3.0/HLT/V9
320856,7024,3758,33.81753125,31.8986875,2018-08-05 13:35:22,2018-08-05 14:38:00,242998835.0,2985173.0,"[CSC, CTPPS, CTPPS_TOT, DAQ, DCS, DQM, DT, ECAL, ES, HCAL, PIXEL, RPC, SCAL, TCDS, TRACKER, TRG]",collisions2018/v180,l1_trg_collisions2018/v50,/cdaq/physics/Run2018/2e34/v3.3.0/HLT/V9
320855,7024,13212,148.18178125,139.806890625,2018-08-05 09:49:56,2018-08-05 13:30:08,882233665.0,12741538.0,"[CSC, CTPPS, CTPPS_TOT, DAQ, DCS, DQM, DT, ECAL, ES, HCAL, PIXEL, RPC, SCAL, TCDS, TRACKER, TRG]",collisions2018/v180,l1_trg_collisions2018/v50,/cdaq/physics/Run2018/2e34/v3.3.0/HLT/V9
320854,7024,2963,41.63878125,37.7884609375,2018-08-05 08:58:04,2018-08-05 09:47:27,211366153.0,3411505.0,"[CSC, CTPPS, CTPPS_TOT, DAQ, DCS, DQM, DT, ECAL, ES, HCAL, PIXEL, RPC, SCAL, TCDS, TRACKER, TRG]",collisions2018/v180,l1_trg_collisions2018/v50,/cdaq/physics/Run2018/2e34/v3.3.0/HLT/V9
320853,7024,8625,120.4483671875,113.7703359375,2018-08-05 06:32:02,2018-08-05 08:55:47,548968492.0,10465239.0,"[CSC, CTPPS, CTPPS_TOT, DAQ, DCS, DQM, DT, ECAL, ES, HCAL, PIXEL, RPC, SCAL, TCDS, TRACKER, TRG]",collisions2018/v180,l1_trg_collisions2018/v50,/cdaq/physics/Run2018/2e34/v3.3.0/HLT/V9
320841,7020,5148,49.948953125,48.2029375,2018-08-04 22:25:08,2018-08-04 23:50:56,300350223.0,4411077.0,"[CSC, CTPPS, CTPPS_TOT, DAQ, DCS, DQM, DT, ECAL, ES, HCAL, PIXEL, RPC, SCAL, TCDS, TRACKER, TRG]",collisions2018/v180,l1_trg_collisions2018/v50,/cdaq/physics/Run2018/2e34/v3.3.0/HLT/V9
320840,7020,11031,141.6095546875,134.483140625,2018-08-04 19:19:21,2018-08-04 22:23:12,766376688.0,12077295.0,"[CSC, CTPPS, CTPPS_TOT, DAQ, DCS, DQM, DT, ECAL, ES, HCAL, PIXEL, RPC, SCAL, TCDS, TRACKER, TRG]",collisions2018/v180,l1_trg_collisions2018/v50,/cdaq/physics/Run2018/2e34/v3.3.0/HLT/V9
320838,7020,8364,95.63884375,88.7878046875,2018-08-04 16:54:28,2018-08-04 19:13:52,532929570.0,8857576.0,"[CSC, CTPPS, CTPPS_TOT, DAQ, DCS, DQM, DT, ECAL, ES, HCAL, PIXEL, RPC, SCAL, TCDS, TRACKER, TRG]",collisions2018/v180,l1_trg_collisions2018/v50,/cdaq/physics/Run2018/2e34/v3.3.0/HLT/V9
320824,7018,25122,161.71984375,157.46225,2018-08-04 06:55:04,2018-08-04 13:53:46,1491007788.0,15573877.0,"[CSC, CTPPS, CTPPS_TOT, DAQ, DCS, DQM, DT, ECAL, ES, HCAL, PIXEL, RPC, SCAL, TCDS, TRACKER, TRG]",collisions2018/v180,l1_trg_collisions2018/v50,/cdaq/physics/Run2018/2e34/v3.3.0/HLT/V9
320823,7018,8416,79.5993125,76.26246875,2018-08-04 04:33:47,2018-08-04 06:54:03,560864996.0,7117507.0,"[CSC, CTPPS, CTPPS_TOT, DAQ, DCS, DQM, DT, ECAL, ES, HCAL, PIXEL, RPC, SCAL, TCDS, TRACKER, TRG]",collisions2018/v180,l1_trg_collisions2018/v50,/cdaq/physics/Run2018/2e34/v3.3.0/HLT/V9
320822,7018,12226,149.06715625,142.85504296875,2018-08-04 01:08:27,2018-08-04 04:32:13,844810357.0,13048364.0,"[CSC, CTPPS, CTPPS_TOT, DAQ, DCS, DQM, DT, ECAL, ES, HCAL, PIXEL, RPC, SCAL, TCDS, TRACKER, TRG]",collisions2018/v180,l1_trg_collisions2018/v50,/cdaq/physics/Run2018/2e34/v3.3.0/HLT/V9
320821,7018,5185,61.85599609375,58.35055859375,2018-08-03 23:41:15,2018-08-04 01:07:40,305076672.0,5477405.0,"[CSC, CTPPS, CTPPS_TOT, DAQ, DCS, DQM, DT, ECAL, ES, HCAL, PIXEL, RPC, SCAL, TCDS, TRACKER, TRG]",collisions2018/v180,l1_trg_collisions2018/v50,/cdaq/physics/Run2018/2e34/v3.3.0/HLT/V9
320809,7017,17619,107.5206875,104.713875,2018-08-03 15:42:28,2018-08-03 20:36:07,1016877415.0,10013748.0,"[CSC, CTPPS, CTPPS_TOT, DAQ, DCS, DQM, DT, ECAL, ES, HCAL, PIXEL, RPC, SCAL, TCDS, TRACKER, TRG]",collisions2018/v180,l1_trg_collisions2018/v50,/cdaq/physics/Run2018/2e34/v3.3.0/HLT/V9
320807,7017,191,1.7976875,0.29946875,2018-08-03 15:27:57,2018-08-03 15:31:08,3215444.0,31201.0,"[CSC, CTPPS, CTPPS_TOT, DAQ, DCS, DQM, DT, ECAL, ES, HCAL, PIXEL, RPC, SCAL, TCDS, TRACKER, TRG]",collisions2018/v180,l1_trg_collisions2018/v50,/cdaq/physics/Run2018/2e34/v3.3.0/HLT/V9
320804,7017,29717,318.36484375,305.3570625,2018-08-03 07:09:39,2018-08-03 15:24:56,1909774101.0,27744606.0,"[CSC, CTPPS, CTPPS_TOT, DAQ, DCS, DQM, DT, ECAL, ES, HCAL, PIXEL, RPC, SCAL, TCDS, TRACKER, TRG]",collisions2018/v180,l1_trg_collisions2018/v50,/cdaq/physics/Run2018/2e34/v3.3.0/HLT/V9
320757,7013,9067,117.125703125,112.9022578125,2018-08-02 14:17:44,2018-08-02 16:48:51,551912743.0,10231201.0,"[CSC, CTPPS, CTPPS_TOT, DAQ, DCS, DQM, DT, ECAL, ES, HCAL, PIXEL, RPC, SCAL, TCDS, TRACKER, TRG]",collisions2018/v180,l1_trg_collisions2018/v50,/cdaq/physics/Run2018/2e34/v3.3.0/HLT/V9
320712,7008,5864,69.789390625,67.3461484375,2018-08-02 02:29:33,2018-08-02 04:07:17,337746449.0,6152130.0,"[CSC, CTPPS, CTPPS_TOT, DAQ, DCS, DQM, DT, ECAL, ES, HCAL, PIXEL, RPC, SCAL, TCDS, TRACKER, TRG]",collisions2018/v180,l1_trg_collisions2018/v50,/cdaq/physics/Run2018/2e34/v3.3.0/HLT/V9
320688,7006,15213,156.358671875,151.117015625,2018-08-01 15:04:44,2018-08-01 19:18:17,931918358.0,14009706.0,"[CSC, CTPPS, CTPPS_TOT, DAQ, DCS, DQM, DT, ECAL, ES, HCAL, PIXEL, RPC, SCAL, TCDS, TRACKER, TRG]",collisions2018/v180,l1_trg_collisions2018/v50,/cdaq/physics/Run2018/2e34/v3.3.0/HLT/V9
320674,7005,14714,34.64601171875,34.03965625,2018-08-01 08:10:58,2018-08-01 12:16:12,340600892.0,3809486.0,"[CSC, CTPPS, CTPPS_TOT, DAQ, DCS, DQM, DT, ECAL, ES, HCAL, PIXEL, RPC, SCAL, TCDS, TRACKER, TRG]",collisions2018/v180,l1_trg_collisions2018/v50,/cdaq/physics/Run2018/2e34/v3.3.0/HLT/V9
320673,7005,21042,64.264515625,62.7155546875,2018-08-01 02:19:04,2018-08-01 08:09:46,542234954.0,72126653.0,"[CSC, CTPPS, CTPPS_TOT, DAQ, DCS, DQM, DT, ECAL, ES, HCAL, PIXEL, RPC, SCAL, TCDS, TRACKER, TRG]",collisions2018/v180,l1_trg_collisions2018/v50,/cdaq/physics/Run2018/2e34/v3.3.0/HLT/V9
320571,7003,1691,0.013260574341,0.012926116943,2018-07-31 06:42:22,2018-07-31 07:10:33,38464175.0,5375806.0,"[CSC, CTPPS, CTPPS_TOT, DAQ, DCS, DQM, DT, ECAL, ES, HCAL, PIXEL, RPC, SCAL, TCDS, TRACKER, TRG]",collisions2018/v178,l1_trg_collisions2018/v50,/cdaq/physics/Run2018/2e34/v3.3.0/HLT/V8
320570,7003,9726,0.08848613739,0.083852642059,2018-07-31 03:59:29,2018-07-31 06:41:35,225140840.0,31690076.0,"[CSC, CTPPS, CTPPS_TOT, DAQ, DCS, DQM, DT, ECAL, ES, HCAL, PIXEL, RPC, SCAL, TCDS, TRACKER, TRG]",collisions2018/v178,l1_trg_collisions2018/v50,/cdaq/physics/Run2018/2e34/v3.3.0/HLT/V8
320569,7003,7125,0.060930370331,0.059052433014,2018-07-31 01:59:52,2018-07-31 03:58:37,163506861.0,23539078.0,"[CSC, CTPPS, CTPPS_TOT, DAQ, DCS, DQM, DT, ECAL, ES, HCAL, PIXEL, RPC, SCAL, TCDS, TRACKER, TRG]",collisions2018/v178,l1_trg_collisions2018/v50,/cdaq/physics/Run2018/2e34/v3.3.0/HLT/V8
320500,6998,11424,0.036309719086,0.033201934814,2018-07-30 07:39:18,2018-07-30 10:49:42,222501833.0,33274344.0,"[CSC, CTPPS, CTPPS_TOT, DAQ, DCS, DQM, DT, ECAL, ES, HCAL, PIXEL, RPC, SCAL, TCDS, TRACKER, TRG]",collisions2018/v176,l1_trg_collisions2018/v49,/cdaq/physics/Run2018/2e34/v3.3.0/HLT/V7